number,time_id,title,上榜时间,最后时间,life_span
1,277451,孟美岐伴舞的脖子,2020-11-14 09:44:02,2020-11-14 17:02:01,26279
1,277451,英国一连环杀手感染新冠后死亡,2020-11-14 09:52:01,2020-11-14 17:36:02,27841
1,277451,鹿晗被螃蟹夹到手后姐姐们的关心,2020-11-14 10:56:01,2020-11-14 17:42:02,24361
1,277451,济南疫情,2020-11-14 07:46:02,2020-11-14 16:20:02,30840
1,277451,张雨绮唱superstar的样子,2020-11-14 10:36:01,2020-11-14 15:16:02,16801
1,277451,袁隆平背九九乘法表,2020-11-14 10:24:01,2020-11-14 14:40:02,15361
1,277451,校长回应30余名学生感染诺如病毒,2020-11-14 10:04:02,2020-11-14 13:16:01,11519
1,277451,赵志勇逐渐黑化,2020-11-14 07:30:02,2020-11-14 13:42:02,22320
1,277451,外交部回应美暂不执行TikTok禁令,2020-11-13 23:22:02,2020-11-14 14:26:01,54239
1,277451,迪士尼四季度净亏损超7亿美元,2020-11-14 10:54:02,2020-11-14 13:38:02,9840
1,277451,黄子韬嗑CP舞到正主面前,2020-11-14 10:06:02,2020-11-14 13:32:02,12360
1,277451,陈小春应采儿庆祝结婚十周年,2020-11-14 07:20:02,2020-11-14 15:20:02,28800
1,277451,康巴汉子拍摄者回应丁真走红,2020-11-14 08:58:02,2020-11-14 16:04:02,25560
1,277451,济南进口冷冻食品及包装标本检出阳性,2020-11-14 07:14:02,2020-11-14 14:28:02,26040
1,277451,哈哈哈哈哈,2020-11-06 22:06:01,2020-11-21 15:18:02,61921
1,277451,丁真旧照,2020-11-14 11:24:02,2020-11-14 19:12:02,28080
1,277451,内地富豪今日凌晨在香港遇袭,2020-11-14 11:18:01,2020-11-14 16:46:02,19681
1,277451,黄子韬回应与徐艺洋恋情传闻,2020-11-14 07:30:02,2020-11-14 15:28:02,28680
1,277451,苹果谷歌加入美国6G联盟,2020-11-14 11:38:02,2020-11-14 16:22:02,17040
1,277451,天官赐福,2020-01-02 19:08:01,2020-11-21 20:06:02,3481
1,277451,鹿晗素颜,2020-11-14 07:14:02,2020-11-14 15:08:02,28440
1,277451,华为提出5.5G概念,2020-11-14 08:56:01,2020-11-14 15:42:01,24360
1,277451,印巴爆发大规模炮战,2020-11-14 08:50:01,2020-11-14 14:48:02,21481
1,277451,我国每14人就有1人患糖尿病,2020-11-14 08:30:02,2020-11-14 13:22:02,17520
1,277451,鹿方宁凌睿红床吻,2020-11-14 11:32:02,2020-11-14 17:44:02,22320
1,277451,林依轮帮助理追星杨九郎合影被截,2020-11-14 11:36:01,2020-11-14 15:36:02,14401
1,277451,刘亦菲晒与防疫人员合影,2020-11-14 11:42:02,2020-11-14 17:48:02,21960
1,277451,杀幽牙膏真的有用吗,2020-11-14 08:28:02,2020-11-14 12:52:01,15839
1,277451,汪文斌反问英澳到底想干什么,2020-11-13 20:14:02,2020-11-14 16:08:01,71639
1,277451,养小孩对猫不好,2020-11-14 08:18:02,2020-11-14 14:34:01,22559
1,277451,护士最烦的问题,2020-11-14 11:34:02,2020-11-14 16:24:01,17399
1,277451,2岁男童近视两千多度,2020-11-14 09:26:02,2020-11-14 13:32:02,14760
1,277451,窪寺昭去世,2020-11-14 10:02:01,2020-11-14 12:10:01,7680
1,277451,外交部向拜登和哈里斯表示祝贺,2020-11-13 16:26:02,2020-11-14 15:46:02,84000
1,277451,荷兰弟穿蜘蛛侠制服看高尔夫,2020-11-14 11:10:02,2020-11-14 12:50:02,6000
1,277451,李荣浩 我一直以来都是一个吉他手,2020-11-14 07:32:01,2020-11-14 12:58:02,19561
1,277451,英语老师上课必放的歌,2020-11-14 08:38:02,2020-11-14 12:56:01,15479
1,277451,王源 语言系统错乱,2020-11-14 07:56:01,2020-11-14 12:56:01,18000
1,277451,潘玮柏头套好笑,2020-11-14 08:54:01,2020-11-14 12:36:01,13320
1,277451,石家庄交警,2020-11-14 07:56:01,2020-11-14 12:36:01,16800
1,277451,一眼惊艳的新娘造型,2020-11-14 11:44:02,2020-11-14 16:06:01,15719
1,277451,CATTI,2020-11-14 11:30:01,2020-11-15 12:30:01,3600
1,277451,下潜海底1万米是怎样的体验,2020-11-14 09:26:02,2020-11-14 14:10:02,17040
1,277451,不要找网友起名字,2020-11-14 08:00:02,2020-11-14 12:32:01,16319
1,277451,世界糖尿病日,2020-11-14 08:10:02,2020-11-14 12:24:02,15240
1,277451,从结婚开始恋爱,2020-10-29 20:46:01,2020-11-24 09:30:02,45841
1,277451,婴儿泳池溺水获救家长索赔150万,2020-11-13 21:52:02,2020-11-14 12:40:02,53280
1,277451,美国单日新增新冠确诊18万例再创新高,2020-11-14 07:10:01,2020-11-14 12:14:02,18241
1,277451,青岛防空警报试鸣,2020-11-14 10:18:02,2020-11-14 12:08:02,6600
1,277451,李健 我紧张的腹肌都裂了好几块,2020-11-13 22:56:02,2020-11-14 12:04:02,47280
2,277811,钟南山儿子希望父亲能看到的视频,2020-11-14 21:26:02,2020-11-15 10:34:01,47279
2,277811,马伯骞 咱俩的时间还能续吗,2020-11-14 23:16:01,2020-11-15 11:56:01,45600
2,277811,任敏哭着说压力好大太可爱了,2020-11-14 22:04:02,2020-11-15 09:50:02,42360
2,277811,丁真,2020-11-13 08:08:02,2020-11-19 09:10:01,3719
2,277811,钱多多,2020-11-14 17:08:01,2020-11-15 08:38:01,55800
2,277811,演员请就位,2019-10-25 19:32:02,2020-11-22 09:48:01,51359
2,277811,萧家三姐妹帮萧思温找凶手,2020-11-14 21:56:01,2020-11-15 07:44:02,35281
2,277811,特朗普金色头发变得花白,2020-11-14 16:06:01,2020-11-15 07:10:02,54241
2,277811,拜登获306张选举人票特朗普获232张,2020-11-14 16:08:01,2020-11-16 07:18:02,54601
2,277811,澳海域首次发现大鳍鱿鱼,2020-11-14 23:04:02,2020-11-15 08:58:01,35639
2,277811,郭敬明版画皮的画面质感,2020-11-14 21:36:02,2020-11-15 10:30:01,46439
2,277811,于谦二胎儿子,2020-11-14 19:52:02,2020-11-15 09:44:02,49920
2,277811,董思怡 好一个捧哏,2020-11-14 23:22:02,2020-11-15 11:46:02,44640
2,277811,3人自驾九寨坠江已发现一具遗体,2020-11-14 17:50:02,2020-11-15 08:14:02,51840
2,277811,印度向巴基斯坦无端开火炮击,2020-11-14 21:40:02,2020-11-15 08:22:02,38520
2,277811,钟南山等了妻子8年才完婚,2020-11-14 21:38:02,2020-11-15 13:04:02,55560
2,277811,撒贝宁爽文男主,2020-11-14 23:06:02,2020-11-15 11:58:02,46320
2,277811,陈翔,2020-11-14 18:20:02,2020-11-15 09:46:01,55559
2,277811,优衣库悄悄涨价,2020-11-14 17:34:02,2020-11-15 09:22:02,56880
2,277811,nami,2020-11-14 22:20:02,2020-11-15 08:38:01,37079
2,277811,任豪生图,2020-11-14 21:50:02,2020-11-15 08:44:02,39240
2,277811,陈宥维找到了适合自己的角色,2020-11-14 22:14:01,2020-11-15 07:28:02,33241
2,277811,从此外卖不点菜,2020-11-14 16:32:02,2020-11-15 07:12:01,52799
2,277811,哈尔滨城区内禁养39种烈犬,2020-11-14 21:44:02,2020-11-15 07:52:01,36479
2,277811,窦骁晒何超莲硕士毕业证,2020-11-14 17:44:02,2020-11-15 08:14:02,52200
2,277811,潮流合伙人,2019-12-06 20:52:02,2020-11-15 07:32:02,38400
2,277811,蔚来股价涨11倍遭唱空,2020-11-14 21:44:02,2020-11-15 07:36:02,35520
2,277811,如何从万米深海回到水面,2020-11-14 22:32:02,2020-11-15 07:40:02,32880
2,277811,特朗普说疫苗最早明年普及但不给纽约州,2020-11-14 16:44:02,2020-11-15 08:06:01,55319
2,277811,女生该如何克服自卑,2020-11-14 22:08:02,2020-11-15 09:52:01,42239
2,277811,快乐大本营,2019-10-26 20:08:02,2020-11-22 10:34:01,51959
2,277811,玄彬,2020-11-14 17:46:02,2020-11-15 08:16:02,52200
2,277811,李现三秒叠衣服,2020-11-14 22:14:01,2020-11-15 09:40:02,41161
2,277811,陈立农李现跳狐狸舞,2020-11-14 22:38:01,2020-11-15 09:44:02,39961
2,277811,拥有朋友圈自由的人,2020-11-14 18:52:01,2020-11-15 09:58:02,54361
2,277811,舞蹈风暴,2019-11-02 22:52:01,2020-11-22 07:58:02,32761
2,277811,美国特工处130人感染,2020-11-14 22:26:01,2020-11-15 07:56:01,34200
2,277811,论眼妆能有多重要,2020-11-14 16:58:01,2020-11-15 07:20:02,51721
2,277811,农村取快递为何这么难,2020-11-14 17:48:02,2020-11-15 07:34:02,49560
2,277811,为走夜路小男孩照明被当成坏人,2020-11-14 18:06:02,2020-11-15 07:24:02,47880
2,277811,刚恋爱时有多甜蜜,2020-11-14 16:04:02,2020-11-15 07:42:01,56279
2,277811,4AM获胜,2020-11-14 23:34:01,2020-11-15 07:10:02,27361
2,277811,单肩包变双肩包的神奇操作,2020-11-14 19:14:02,2020-11-15 07:10:02,42960
2,277811,跨界最成功的演员,2020-11-14 16:16:02,2020-11-15 07:36:02,55200
2,277811,LGD大鹅战胜TES,2020-11-14 23:34:01,2020-11-15 07:16:02,27721
2,277811,八旬白眉老大爷碾压全场式投3分球,2020-11-14 22:24:02,2020-11-15 07:38:02,33240
2,277811,科学家研制出有望替代塑料的仿生新材料,2020-11-14 20:28:02,2020-11-15 07:24:02,39360
2,277811,曾伟权病逝,2020-11-14 15:38:01,2020-11-15 03:44:02,43561
2,277811,打浦桥,2020-11-14 21:34:02,2020-11-15 01:36:02,14520
2,277811,吴尊友称境外货物要做到批批检测,2020-11-14 19:34:02,2020-11-15 07:10:02,41760
3,278171,孟子义,2020-11-15 09:42:01,2020-11-15 18:40:01,32280
3,278171,两女子凌晨开车冲入河中溺亡,2020-11-15 07:36:02,2020-11-15 15:40:02,29040
3,278171,吉克隽逸手机掉进西湖里了,2020-11-15 10:26:01,2020-11-15 18:00:01,27240
3,278171,ella公开生产过程,2020-11-15 08:02:01,2020-11-15 16:48:02,31561
3,278171,抗糖真能抗衰老吗,2020-11-15 11:38:01,2020-11-15 21:50:02,36721
3,278171,老人撕出11米清明上河图,2020-11-15 09:26:02,2020-11-15 16:58:01,27119
3,278171,幼师摔打男童致骨折称被门误夹,2020-11-15 10:02:02,2020-11-15 16:38:02,23760
3,278171,世界最贵赛鸽被拍出1030万,2020-11-15 10:40:02,2020-11-15 14:36:02,14160
3,278171,内华达州州长新冠检测阳性,2020-11-15 07:58:02,2020-11-15 19:10:02,40320
3,278171,从设计稿上走下来的模特,2020-11-15 09:10:02,2020-11-15 14:40:02,19800
3,278171,尔冬升问陈宥维你能抱她们一下吗,2020-11-15 07:16:02,2020-11-15 14:52:02,27360
3,278171,黄子韬问马伯骞时间还能续吗,2020-11-15 11:48:02,2020-11-15 18:08:02,22800
3,278171,Cat首发,2020-11-15 10:44:02,2020-11-15 14:22:02,13080
3,278171,下半年来最严重的雾和霾,2020-11-15 07:54:02,2020-11-15 14:28:01,23639
3,278171,画皮BGM竟然用了琴师,2020-11-15 07:20:02,2020-11-15 14:36:02,26160
3,278171,考研学生在图书馆内打伞学习,2020-11-15 09:46:01,2020-11-15 16:36:02,24601
3,278171,明星大侦探路透,2020-11-15 09:24:01,2020-11-15 16:48:02,26641
3,278171,猫的社会性死亡不过如此,2020-11-15 07:38:02,2020-11-15 15:46:02,29280
3,278171,粉笔模考好难,2020-11-15 11:24:02,2020-11-15 14:52:02,12480
3,278171,日本连续两天感染人数创最高纪录,2020-11-15 09:02:01,2020-11-15 13:44:02,16921
3,278171,内蒙古一小学49名家长齐聚跳舞,2020-11-15 11:24:02,2020-11-15 14:28:01,11039
3,278171,全美49个州被标为红色疫情严重地区,2020-11-15 10:38:01,2020-11-15 14:30:02,13921
3,278171,张东雨退伍,2020-11-15 10:36:02,2020-11-15 14:18:02,13320
3,278171,窦骁反差式演技,2020-11-15 07:30:02,2020-11-15 13:38:01,22079
3,278171,罗马尼亚一新冠病人重症病房发生火灾,2020-11-15 10:38:01,2020-11-15 12:20:02,6121
3,278171,丁程鑫雪中落泪,2020-11-15 07:12:01,2020-11-15 14:46:02,27241
3,278171,韩国男足7人感染新冠,2020-11-15 11:22:01,2020-11-15 13:22:02,7201
3,278171,唯品会二审败诉,2020-11-15 11:48:02,2020-11-15 17:12:02,19440
3,278171,拜登获306张选举人票特朗普获232张,2020-11-14 16:08:01,2020-11-16 07:18:02,54601
3,278171,两女子坐后备箱兜风拍视频被举报,2020-11-15 08:28:02,2020-11-15 13:32:02,18240
3,278171,这就是现实版扫地僧,2020-11-15 08:16:02,2020-11-15 14:18:02,21720
3,278171,江西婺源枫叶红了,2020-11-15 08:24:02,2020-11-15 13:32:02,18480
3,278171,珉豪退伍,2020-11-15 08:46:01,2020-11-15 13:54:01,18480
3,278171,特朗普团队选举诉讼在多州被驳回,2020-11-14 15:18:01,2020-11-15 12:18:02,75601
3,278171,钟南山等了妻子8年才完婚,2020-11-14 21:38:02,2020-11-15 13:04:02,55560
3,278171,如何科学控糖,2020-11-15 07:38:02,2020-11-15 13:32:02,21240
3,278171,30000只蒙古羊的物流进度条,2020-11-15 09:50:02,2020-11-15 13:00:02,11400
3,278171,朱婷29分,2019-12-28 21:52:02,2020-11-15 12:40:02,53280
3,278171,丁真,2020-11-13 08:08:02,2020-11-19 09:10:01,3719
3,278171,寒衣节,2020-11-15 09:58:02,2020-11-15 13:00:02,10920
3,278171,埃及出土上百具2500年前彩绘木棺,2020-11-15 09:54:02,2020-11-15 12:54:02,10800
3,278171,小学生课间跳竹竿舞,2020-11-15 11:04:02,2020-11-15 12:52:01,6479
3,278171,喀什疏附县4地降为低风险,2020-11-15 11:46:02,2020-11-15 13:12:02,5160
3,278171,CATTI,2020-11-14 11:30:01,2020-11-15 12:30:01,3600
3,278171,跳高愣是玩成了投标枪,2020-11-15 10:18:01,2020-11-15 12:14:02,6961
3,278171,美国疫情,2020-02-29 08:34:01,2020-11-23 08:28:02,86041
3,278171,申花上港身着防护服抵达多哈,2020-11-15 11:58:02,2020-11-15 12:58:02,3600
3,278171,Perkz确认离开G2,2020-11-15 08:18:02,2020-11-15 12:04:02,13560
3,278171,快递车起火千余件快递被烧毁,2020-11-15 09:00:02,2020-11-15 12:10:02,11400
4,278531,唐艺昕演的建宁公主好可爱,2020-11-15 22:46:01,2020-11-16 12:32:02,49561
4,278531,家长要求救娃者删视频称侵犯隐私,2020-11-15 22:06:02,2020-11-16 10:54:02,46080
4,278531,迪丽热巴华晨宇王一博杨超越四排,2020-11-15 21:04:02,2020-11-16 10:52:02,49680
4,278531,鹿鼎记,2020-11-15 21:10:02,2020-11-21 09:08:01,43079
4,278531,赵紫薇发与孟子义聊天截图,2020-11-15 18:30:02,2020-11-16 09:54:02,55440
4,278531,小象互娱声明,2020-11-15 22:42:01,2020-11-16 08:36:01,35640
4,278531,和平精英直播,2020-11-15 20:06:01,2020-11-16 07:48:02,42121
4,278531,秦紫舒恢复视力,2020-11-15 21:44:02,2020-11-16 08:18:01,38039
4,278531,RCEP会带来怎样的影响,2020-11-15 22:04:01,2020-11-16 14:08:02,57841
4,278531,钟南山疫情期间日程表,2020-11-15 18:52:01,2020-11-16 07:56:02,47041
4,278531,王一博游戏ID非著名八倍镜,2020-11-15 21:24:01,2020-11-16 10:30:01,47160
4,278531,迪丽热巴游戏ID西北孤傲的狼,2020-11-15 20:54:02,2020-11-16 09:26:01,45119
4,278531,虞书欣胡一天主持,2020-11-15 19:22:01,2020-11-16 08:56:01,48840
4,278531,美国新冠死亡数相当于每天掉两架客机,2020-11-15 17:42:02,2020-11-16 08:06:01,51839
4,278531,找不到工作的原因找到了,2020-11-15 16:54:01,2020-11-16 07:16:02,51721
4,278531,锦江宾馆,2020-11-15 21:24:01,2020-11-16 10:14:02,46201
4,278531,抖音推荐,2020-11-15 22:30:02,2020-11-16 12:44:02,51240
4,278531,冯提莫张碧晨神奇好炸,2020-11-15 23:08:02,2020-11-16 10:32:02,41040
4,278531,全国教材循环用1年可省200多亿,2020-11-15 19:32:01,2020-11-16 07:54:02,44521
4,278531,RM,2020-11-01 22:20:02,2020-11-16 09:50:01,41399
4,278531,李玟小鬼你是我的superman,2020-11-15 23:16:02,2020-11-16 09:22:01,36359
4,278531,从结婚开始恋爱,2020-10-29 20:46:01,2020-11-24 09:30:02,45841
4,278531,高伟光演技,2020-02-16 10:40:02,2020-11-16 11:54:02,4440
4,278531,武汉大学教授16年无偿献血200次,2020-11-15 21:44:02,2020-11-16 08:32:02,38880
4,278531,熊顿,2020-10-12 22:54:01,2020-11-16 10:20:02,41161
4,278531,景区收集银杏落叶供游客抛洒拍照,2020-11-15 20:14:02,2020-11-16 07:54:02,42000
4,278531,樊振东世界杯四冠王,2020-11-15 22:12:01,2020-11-16 07:16:02,32641
4,278531,用排球砸学生体育老师已停课,2020-11-15 17:08:02,2020-11-16 04:40:02,41520
4,278531,纽约州回应白宫不提供新冠疫苗,2020-11-15 12:16:02,2020-11-16 09:56:01,77999
4,278531,硬糖少女复古舞台好撩,2020-11-15 22:38:02,2020-11-16 09:10:02,37920
4,278531,华晨宇粉丝红色灯牌覆盖率,2020-11-15 22:58:02,2020-11-16 09:50:01,39119
4,278531,唐嫣上海话台词,2020-11-15 22:00:02,2020-11-16 09:28:02,41280
4,278531,孙楠郑云龙一荤一素听哭了,2020-11-15 23:08:02,2020-11-16 09:26:01,37079
4,278531,拜登获306张选举人票特朗普获232张,2020-11-14 16:08:01,2020-11-16 07:18:02,54601
4,278531,杨超越顾居居吃鸡,2020-11-15 23:22:01,2020-11-16 11:18:01,42960
4,278531,令人无路可退的辞职方式,2020-11-15 21:26:01,2020-11-16 10:52:02,48361
4,278531,天天向上,2019-10-27 23:08:02,2020-11-23 11:14:02,43560
4,278531,我们的歌,2019-10-27 22:26:01,2020-11-23 09:26:02,39601
4,278531,人民日报评雷霆战将,2020-11-15 20:42:02,2020-11-16 07:38:01,39359
4,278531,邓超吐槽陪孙俪选窗帘意见全被否定,2020-11-15 16:50:02,2020-11-16 07:52:02,54120
4,278531,邓伦工作室声明,2020-11-15 20:06:01,2020-11-16 07:56:02,42601
4,278531,河南原阳一农家6人被杀,2020-11-15 16:40:02,2020-11-16 07:48:02,54480
4,278531,秦紫舒和池铁城同归于尽,2020-11-15 23:50:02,2020-11-16 09:28:02,34680
4,278531,韦小宝皇上初遇,2020-11-15 22:48:02,2020-11-16 10:46:01,43079
4,278531,王耀庆老师 桃李满天下,2020-11-15 18:40:01,2020-11-16 09:24:02,53041
4,278531,临沂23岁辅警被嫌犯刺伤牺牲,2020-11-15 21:48:02,2020-11-16 08:08:02,37200
4,278531,于正朋友圈发文,2020-11-15 16:28:02,2020-11-16 02:06:02,34680
4,278531,白岩松谈医生术后喝葡萄糖水争议,2020-11-15 14:00:02,2020-11-16 07:28:02,62880
4,278531,优胜教育初步统计补偿2万余人,2020-11-15 18:40:01,2020-11-16 07:26:02,45961
4,278531,爆浆芝士千层肉饼,2020-11-15 23:04:02,2020-11-16 00:26:01,4919
5,278891,李沁张檬杨幂蒋梦婕同框旧照,2020-11-16 10:14:02,2020-11-16 18:50:01,30959
5,278891,特朗普发推称2020总统选举违宪,2020-11-16 09:56:01,2020-11-16 17:16:02,26401
5,278891,张庭女儿回应长相争议,2020-11-16 11:20:02,2020-11-16 20:02:01,31319
5,278891,郑秀晶谈fx,2020-11-16 11:08:02,2020-11-16 19:20:02,29520
5,278891,腾讯全民K歌涉黄被罚全面整改,2020-11-16 11:00:02,2020-11-16 18:02:02,25320
5,278891,鹿鼎记评分,2020-11-16 11:10:01,2020-11-16 19:28:02,29881
5,278891,请回答1988珍珠长大了,2020-11-16 07:40:02,2020-11-16 15:40:02,28800
5,278891,香港油麻地发生火灾,2020-11-16 09:30:01,2020-11-16 15:56:01,23160
5,278891,请回答1988,2020-11-16 08:58:02,2020-11-16 17:48:02,31800
5,278891,鞠婧祎演被绑架像咬化妆棉,2020-11-16 08:52:01,2020-11-16 17:02:01,29400
5,278891,黄奕 油腻男不也多的是吗,2020-11-16 11:28:02,2020-11-16 19:20:02,28320
5,278891,王刚首次回应砸宝事件,2020-11-16 09:50:01,2020-11-16 15:46:02,21361
5,278891,美媒称美国疫情达巨大灾难级别,2020-11-16 08:34:01,2020-11-16 16:12:02,27481
5,278891,2岁男童独自搭网约车从广西到广东,2020-11-16 09:26:01,2020-11-16 15:36:02,22201
5,278891,曹格女儿10岁腿长,2020-11-16 07:38:01,2020-11-16 15:40:02,28921
5,278891,张晶,2020-11-16 11:32:02,2020-11-16 18:40:02,25680
5,278891,云南民族大学,2020-11-16 10:56:02,2020-11-16 15:12:02,15360
5,278891,女主播在西湖边跪爬征婚,2020-11-16 10:28:02,2020-11-16 15:48:02,19200
5,278891,老师公主抱男生演示阑尾炎手术,2020-11-16 10:56:02,2020-11-16 14:44:02,13680
5,278891,王俊凯叉叉勾勾勾,2020-11-16 11:36:02,2020-11-16 18:52:02,26160
5,278891,赵丽颖花间仙意大片,2020-11-16 11:38:02,2020-11-16 19:26:01,28079
5,278891,和平精英,2020-04-03 20:02:01,2020-11-16 14:26:02,66241
5,278891,英国首相开始自我隔离,2020-11-16 07:18:02,2020-11-16 16:02:01,31439
5,278891,张艺凡拜托粉丝别走,2020-11-16 07:50:01,2020-11-16 14:44:02,24841
5,278891,成华区,2020-11-16 11:10:01,2020-11-16 13:52:02,9721
5,278891,如果2020是一部电影,2020-11-16 10:48:02,2020-11-16 13:16:02,8880
5,278891,四川新增确诊3例境外输入,2020-11-16 09:52:02,2020-11-16 14:10:02,15480
5,278891,股市,2019-11-11 10:38:02,2020-11-23 13:40:02,10920
5,278891,刚学会网上聊天的人类幼崽,2020-11-16 09:30:01,2020-11-16 14:14:02,17041
5,278891,如花扮演者感谢古天乐甘比帮助,2020-11-16 08:10:01,2020-11-16 12:54:01,17040
5,278891,星际少女是赵露,2020-11-16 09:28:02,2020-11-16 13:12:02,13440
5,278891,首批加工后的12000只羊到武汉了,2020-11-16 10:22:01,2020-11-16 16:18:02,21361
5,278891,RCEP会带来怎样的影响,2020-11-15 22:04:01,2020-11-16 14:08:02,57841
5,278891,8人因看剧组团盗墓被抓,2020-11-16 08:20:02,2020-11-16 12:50:02,16200
5,278891,鹿鼎记,2020-11-15 21:10:02,2020-11-21 09:08:01,43079
5,278891,原阳1家6口被杀案同村村民发声,2020-11-16 07:42:01,2020-11-16 12:50:02,18481
5,278891,抖音推荐,2020-11-15 22:30:02,2020-11-16 12:44:02,51240
5,278891,世界最大紫粉钻石卖出1.76亿元,2020-11-16 07:56:02,2020-11-16 13:42:01,20759
5,278891,基金,2020-02-24 15:20:02,2020-11-23 20:14:01,17639
5,278891,杨紫西装镜像封面,2020-11-16 11:54:02,2020-11-16 15:46:02,13920
5,278891,唐艺昕演的建宁公主好可爱,2020-11-15 22:46:01,2020-11-16 12:32:02,49561
5,278891,老人住院95岁老伴喂饭,2020-11-16 11:46:02,2020-11-16 14:22:02,9360
5,278891,云南回应禁止遛狗第3次直接捕杀,2020-11-16 07:58:02,2020-11-16 12:46:02,17280
5,278891,光遇,2020-03-12 12:48:01,2020-11-17 13:38:02,3001
5,278891,伞兵颜值,2020-11-16 08:08:02,2020-11-16 12:14:02,14760
5,278891,日本将对中韩约五成农产品撤销关税,2020-11-16 07:20:02,2020-11-16 12:08:02,17280
5,278891,美国新冠肺炎超1100万例,2020-11-16 07:28:02,2020-11-16 12:30:01,18119
5,278891,新谋女郎刘浩存素颜照,2020-11-16 11:52:01,2020-11-16 17:52:02,21601
6,279251,王思聪评论半藏森林,2020-11-16 21:56:01,2020-11-17 14:08:02,58321
6,279251,医院回应护士在副院长家顶楼自杀,2020-11-16 22:52:02,2020-11-17 09:32:02,38400
6,279251,杨洋蜡像遭骚扰,2020-11-16 22:52:02,2020-11-17 12:20:01,48479
6,279251,邓家佳,2020-11-16 19:34:01,2020-11-17 11:44:02,58201
6,279251,圆通内鬼致40万条个人信息泄露,2020-11-16 21:14:02,2020-11-17 09:16:01,43319
6,279251,萧胡辇怀孕,2020-11-16 21:38:02,2020-11-17 08:32:01,39239
6,279251,杭州拍到一丘之貉中的貉,2020-11-16 22:22:02,2020-11-17 09:44:02,40920
6,279251,顶楼,2020-10-28 08:02:01,2020-11-24 07:46:02,85441
6,279251,特朗普发推称赢了大选,2020-11-16 14:08:02,2020-11-17 09:38:02,70200
6,279251,韦小宝在小郡主脸上画画,2020-11-16 22:10:02,2020-11-17 07:50:02,34800
6,279251,张一山方回应演技争议,2020-11-16 19:30:01,2020-11-17 10:36:01,54360
6,279251,金莎 追星女孩单身的原因,2020-11-16 21:22:02,2020-11-17 09:52:02,45000
6,279251,新鹿鼎记鳌拜家写了鳌府,2020-11-16 18:20:02,2020-11-17 09:06:02,53160
6,279251,钟南山说新冠病毒溯源尚未完成,2020-11-16 20:36:02,2020-11-17 07:56:01,40799
6,279251,潘长江cos陈奕迅,2020-11-16 21:46:02,2020-11-17 07:42:02,35760
6,279251,官方回应卖淫嫖娼者通报单位社区及家人,2020-11-16 23:34:02,2020-11-17 09:18:02,35040
6,279251,如何形容高光很亮,2020-11-16 22:54:02,2020-11-17 07:12:02,29880
6,279251,化学老师制作49支唇膏送学生,2020-11-16 19:24:02,2020-11-17 07:36:02,43920
6,279251,麦当劳中国投资25亿卖咖啡,2020-11-16 17:46:02,2020-11-17 07:20:02,48840
6,279251,周杰伦的创作能力有多强,2020-11-16 23:18:02,2020-11-17 09:50:02,37920
6,279251,李现,2019-12-01 09:32:02,2020-11-17 08:32:01,82799
6,279251,大学生订婚假批语有多温柔,2020-11-16 19:50:02,2020-11-17 10:46:02,53760
6,279251,美国大选正式结果何时官宣,2020-11-16 21:42:02,2020-11-17 16:44:01,68519
6,279251,故宫的秋天请慢一点,2020-11-16 23:18:02,2020-11-17 08:40:02,33720
6,279251,方怡答应做韦小宝老婆,2020-11-16 23:32:02,2020-11-17 11:34:01,43319
6,279251,分别时偷偷挥手的老人,2020-11-16 22:40:02,2020-11-17 07:32:02,31920
6,279251,阴阳师,2020-03-24 20:30:02,2020-11-23 18:36:01,79559
6,279251,天下足球,2020-11-16 21:46:02,2020-11-17 07:30:02,35040
6,279251,蒙古族新兵首次实弹射击50环,2020-11-16 21:14:02,2020-11-17 07:24:02,36600
6,279251,卖玩具枪获刑十年男子提前回家,2020-11-16 23:06:02,2020-11-17 08:42:01,34559
6,279251,日本一年少50万人,2020-11-16 23:14:01,2020-11-17 07:44:02,30601
6,279251,住山洞8年小伙回应参观收费,2020-11-16 23:20:02,2020-11-17 08:34:02,33240
6,279251,李宇春珍珠白断层西装,2020-11-16 23:04:02,2020-11-17 07:32:02,30480
6,279251,马明被双开,2020-11-16 18:46:01,2020-11-17 08:32:01,49560
6,279251,在副院长家顶楼自杀女护士父亲发声,2020-11-16 23:16:02,2020-11-17 11:52:02,45360
6,279251,乐华娱乐否认王富贵是公司职粉,2020-11-16 17:40:02,2020-11-17 07:08:02,48480
6,279251,王源20岁首封,2020-11-16 19:32:02,2020-11-17 07:10:02,41880
6,279251,考完试从考场出来的我,2020-11-16 22:16:01,2020-11-17 02:34:02,15481
6,279251,6起交通死亡案例全是骑车人和行人全责,2020-11-16 21:54:02,2020-11-17 07:38:02,35040
6,279251,人类能懒到什么程度,2020-11-16 19:52:02,2020-11-17 07:14:01,40919
6,279251,做家教不小心暴露土味鞋垫,2020-11-16 19:26:01,2020-11-17 06:38:02,40321
6,279251,理工男将宿舍门锁改成智能锁,2020-11-16 21:58:02,2020-11-17 07:12:02,33240
6,279251,沈青禾男友力,2020-11-16 21:58:02,2020-11-17 07:08:02,33000
6,279251,林黛玉倒拔垂杨柳,2020-11-16 16:30:02,2020-11-17 01:28:02,32280
6,279251,浙江义乌一法拉利撞上飞机,2020-11-16 16:14:01,2020-11-17 02:50:02,38161
6,279251,韦小宝偷太后经书,2020-11-16 23:08:02,2020-11-17 07:08:02,28800
6,279251,哈尔滨警方通报法官被刺死,2020-11-16 20:52:01,2020-11-17 07:30:02,38281
6,279251,LPL全明星投票,2019-11-13 07:18:01,2020-11-20 16:04:02,31561
6,279251,台军部署导弹有重大故障缺陷,2020-11-16 20:14:01,2020-11-17 04:10:01,28560
6,279251,英国驻重庆总领事救落水女大学生,2020-11-16 17:34:01,2020-11-17 07:08:02,48841
7,279611,沈梦辰 总是敷衍都会渐行渐远,2020-11-17 10:44:01,2020-11-17 19:20:02,30961
7,279611,中国买家花1250万买下比利时赛鸽,2020-11-17 08:36:02,2020-11-17 15:52:02,26160
7,279611,张一山 我也有演不好的时候,2020-11-17 10:02:02,2020-11-17 18:42:02,31200
7,279611,刘阳,2019-11-20 06:22:02,2020-11-17 16:40:02,37080
7,279611,世卫称新冠病毒在中国传播水平极低,2020-11-17 11:26:02,2020-11-17 18:26:02,25200
7,279611,雷霆战将发长文回应差评,2020-11-17 10:22:02,2020-11-17 15:52:02,19800
7,279611,拍视频救娃者希望家属道歉,2020-11-17 11:02:02,2020-11-17 15:42:02,16800
7,279611,充电桩为何成充电装,2020-11-17 09:56:02,2020-11-17 14:42:02,17160
7,279611,四川88个贫困县全部摘帽,2020-11-17 09:34:02,2020-11-17 17:58:02,30240
7,279611,钟南山刷屏照片的真相,2020-11-17 07:34:02,2020-11-17 15:10:01,27359
7,279611,陈乔恩探望安以轩女儿,2020-11-17 09:02:02,2020-11-17 16:30:02,26880
7,279611,王思聪 没瓜忘挂狗头了,2020-11-17 08:06:01,2020-11-17 16:10:01,29040
7,279611,林青霞回归微博,2020-11-17 07:14:01,2020-11-17 15:40:02,30361
7,279611,赵明微博认证,2020-11-17 09:34:02,2020-11-17 13:32:01,14279
7,279611,哈登拒绝续约火箭,2020-11-17 10:48:01,2020-11-17 13:26:02,9481
7,279611,近藤真彦承认出轨,2020-11-17 11:04:02,2020-11-17 18:08:01,25439
7,279611,边防战士煮泡面为战友庆生,2020-11-17 11:32:02,2020-11-17 15:48:02,15360
7,279611,风起洛阳开机,2020-11-17 09:30:02,2020-11-17 16:34:02,25440
7,279611,男子不服离婚判决刺伤法官致死,2020-11-17 07:28:02,2020-11-17 14:08:02,24000
7,279611,马保国,2020-11-17 08:16:01,2020-11-17 15:48:02,27121
7,279611,平遥古城一店员与游客起冲突,2020-11-17 09:08:01,2020-11-17 12:38:02,12601
7,279611,圆通回应内鬼泄露公民信息,2020-11-17 08:40:02,2020-11-17 14:20:02,20400
7,279611,用一毛钱的发夹演奏出青花瓷,2020-11-17 09:18:02,2020-11-17 14:02:01,17039
7,279611,股市,2019-11-11 10:38:02,2020-11-23 13:40:02,10920
7,279611,王思聪评论半藏森林,2020-11-16 21:56:01,2020-11-17 14:08:02,58321
7,279611,猫咪怼脸拍,2020-11-17 09:20:02,2020-11-17 15:56:02,23760
7,279611,2020LOL冬季转会期,2020-11-17 11:40:02,2020-11-17 13:52:01,7919
7,279611,N号房主犯之一获刑7年,2020-11-17 09:20:02,2020-11-17 12:30:02,11400
7,279611,世卫组织总干事谭德塞已结束隔离,2020-11-17 07:58:02,2020-11-17 17:10:02,33120
7,279611,如何对待拖延症朋友,2020-11-17 10:54:01,2020-11-17 13:10:01,8160
7,279611,天空之境迎万只白天鹅,2020-11-17 09:54:02,2020-11-17 14:18:02,15840
7,279611,蔡志忠落发少林寺,2020-11-17 11:46:01,2020-11-17 17:52:02,21961
7,279611,美国护士透露新冠重病患者会被安排等死,2020-11-17 08:10:01,2020-11-17 12:42:02,16321
7,279611,美国大选正式结果何时官宣,2020-11-16 21:42:02,2020-11-17 16:44:01,68519
7,279611,Jinair战队解散,2020-11-17 10:40:01,2020-11-17 12:28:01,6480
7,279611,浙江台州神仙居的如意桥,2020-11-17 09:52:02,2020-11-17 12:26:02,9240
7,279611,如何避免泄露个人信息,2020-11-17 11:38:01,2020-11-17 13:26:02,6481
7,279611,基金,2020-02-24 15:20:02,2020-11-23 20:14:01,17639
7,279611,光遇,2020-03-12 12:48:01,2020-11-17 13:38:02,3001
7,279611,嫦娥五号计划11月下旬择机发射,2020-11-17 11:52:02,2020-11-17 15:38:02,13560
7,279611,美专家称若50州仍各自为政疫情将失控,2020-11-17 11:58:01,2020-11-17 13:32:01,5640
7,279611,漳州一餐厅内部框架坍塌,2020-11-17 11:58:01,2020-11-17 12:32:01,2040
7,279611,当代大学生多彩生活图鉴,2020-11-17 08:34:02,2020-11-17 12:16:01,13319
7,279611,库兹马注销推特账号,2020-11-17 11:56:02,2020-11-17 13:48:01,6719
7,279611,Nuguri成为自由人,2020-11-17 11:56:02,2020-11-17 14:46:02,10200
7,279611,3个月以上租金纳入监管账户,2020-11-17 11:58:01,2020-11-17 16:22:01,15840
7,279611,电动自行车改装后时速165公里,2020-11-17 12:00:02,2020-11-17 12:36:01,2159
7,279611,见过最会夸的人,2020-11-17 07:32:02,2020-11-17 13:00:02,19680
7,279611,杨洋蜡像遭骚扰,2020-11-16 22:52:02,2020-11-17 12:20:01,48479
8,279971,向太晒向佐郭碧婷北京豪宅,2020-11-17 19:02:01,2020-11-18 10:46:01,56640
8,279971,武汉1小时内密集上演气象大片,2020-11-17 22:16:02,2020-11-18 09:12:02,39360
8,279971,晋江崩了,2020-07-10 21:10:02,2020-11-18 02:44:01,20039
8,279971,周游,2020-11-17 22:44:01,2020-11-18 11:26:02,45721
8,279971,韦小宝双儿破庙相遇,2020-11-17 22:04:02,2020-11-18 10:14:01,43799
8,279971,向天歌刘泽煊,2020-11-17 21:00:02,2020-11-18 10:00:02,46800
8,279971,基辛格警告美国下任总统,2020-11-17 19:12:02,2020-11-18 10:42:01,55799
8,279971,中央气象台三预警齐发,2020-11-17 19:44:02,2020-11-18 08:50:02,47160
8,279971,萧燕燕儿子被下毒,2020-11-17 21:02:01,2020-11-18 08:12:02,40201
8,279971,爱马仕将建最大鳄鱼养殖场,2020-11-17 18:58:01,2020-11-18 08:06:01,47280
8,279971,刘泽煊发文,2020-11-17 22:24:01,2020-11-18 09:12:02,38881
8,279971,魏大勋蓝色寸头,2020-11-17 19:06:01,2020-11-18 09:24:02,51481
8,279971,R1SE合照回应只有一个座位,2020-11-17 21:48:02,2020-11-18 09:26:02,41880
8,279971,央视调查湖北荆州巨型关公雕像违建始末,2020-11-17 19:22:02,2020-11-18 07:18:01,42959
8,279971,印度考虑有条件放宽外国投资限制,2020-11-17 23:00:02,2020-11-18 08:10:01,32999
8,279971,张培萌妻子首谈家暴细节,2020-11-17 23:00:02,2020-11-18 11:30:02,45000
8,279971,女子因未孕遭虐待致死案细节,2020-11-17 23:38:01,2020-11-18 12:26:02,46081
8,279971,打了瘦脸针的GAI,2020-11-17 17:08:02,2020-11-18 09:06:02,57480
8,279971,王智签约赵薇工作室,2020-11-17 19:44:02,2020-11-18 09:46:01,50519
8,279971,从结婚开始恋爱,2020-10-29 20:46:01,2020-11-24 09:30:02,45841
8,279971,患阿尔兹海默症的父亲和影子吵架,2020-11-17 23:34:01,2020-11-18 10:18:01,38640
8,279971,追光吧哥哥路透,2020-11-17 22:42:02,2020-11-18 11:20:02,45480
8,279971,离婚案件为何安全风险系数高,2020-11-17 23:20:02,2020-11-18 08:18:01,32279
8,279971,M1芯片,2020-11-17 23:20:02,2020-11-18 08:14:01,32039
8,279971,妇联回应女子无法怀孕被夫家人虐待致死,2020-11-17 19:42:02,2020-11-18 09:10:02,48480
8,279971,晚上不要在天台晾衣服,2020-11-17 19:16:02,2020-11-18 08:54:02,49080
8,279971,钟睒睒再次成为中国首富,2020-11-17 21:12:02,2020-11-18 09:52:02,45600
8,279971,专家建议养老金领取早减晚增,2020-11-17 22:08:02,2020-11-18 08:14:01,36359
8,279971,河北省原副省长李谦受贿案一审开庭,2020-11-17 21:46:01,2020-11-18 09:56:02,43801
8,279971,鹿鼎记,2020-11-15 21:10:02,2020-11-21 09:08:01,43079
8,279971,jasper对着每个镜头道歉,2020-11-17 14:48:01,2020-11-18 02:16:01,41280
8,279971,SM新女团aespa风格,2020-11-17 18:42:02,2020-11-18 07:52:02,47400
8,279971,湖州巨响,2020-11-17 23:26:01,2020-11-18 02:22:02,10561
8,279971,中方已设立疫苗研发中国中心,2020-11-17 20:50:02,2020-11-18 00:40:02,13800
8,279971,金晨星河流光长裙,2020-11-17 23:48:02,2020-11-18 13:04:02,47760
8,279971,CNBLUE回归,2020-11-17 18:44:02,2020-11-18 02:30:02,27960
8,279971,韦小宝向皇上表明身份,2020-11-17 22:06:01,2020-11-18 07:32:02,33961
8,279971,英国男子自称去年9月感染新冠,2020-11-17 20:12:02,2020-11-18 07:52:02,42000
8,279971,你有容貌焦虑吗,2020-11-17 15:50:01,2020-11-18 07:12:02,55321
8,279971,校方回应学生自办宽带遭强拆,2020-11-17 22:36:01,2020-11-18 07:44:02,32881
8,279971,成年人必修班,2020-11-17 22:02:01,2020-11-18 07:52:02,35401
8,279971,承租人不得单方面提高租金,2020-11-17 23:42:01,2020-11-18 08:52:01,33000
8,279971,爱的厘米原生家庭,2020-11-17 23:32:02,2020-11-18 06:30:01,25079
8,279971,Flandre成为自由人,2020-11-17 23:26:01,2020-11-18 01:46:02,8401
8,279971,保定高校毕业生落户即奖励1000元,2020-11-17 22:16:02,2020-11-18 00:16:02,7200
8,279971,建宁公主出逃失败,2020-11-17 23:44:02,2020-11-18 09:40:02,35760
8,279971,OPPO卷轴屏概念机,2020-11-17 18:22:02,2020-11-18 00:30:02,22080
8,279971,孔雪儿电梯间大片,2020-11-17 23:56:02,2020-11-18 11:42:02,42360
8,279971,爱的厘米,2020-11-16 20:16:02,2020-11-23 08:50:02,45240
8,279971,龚琳娜签不假唱协议,2020-11-17 18:50:02,2020-11-18 00:02:01,18719
9,280331,特朗普宣布解雇美国网络安全局局长,2020-11-18 10:36:01,2020-11-19 09:16:02,81601
9,280331,暴雪橙色预警,2020-11-18 08:54:02,2020-11-18 16:52:02,28680
9,280331,李荣浩同一张图配不同文案,2020-11-18 09:28:02,2020-11-18 16:36:02,25680
9,280331,美国一女子六位亲人因新冠去世,2020-11-18 10:48:02,2020-11-18 16:50:01,21719
9,280331,快递代收点强制取件人拍照存档,2020-11-18 10:48:02,2020-11-18 14:36:02,13680
9,280331,武汉一高校学长查寝脏话连篇,2020-11-18 10:16:02,2020-11-18 14:28:02,15120
9,280331,黄龄 不要对我身边的人指指点点,2020-11-18 07:28:02,2020-11-18 14:10:01,24119
9,280331,林青霞晒旧照,2020-11-18 11:14:02,2020-11-18 18:24:02,25800
9,280331,吉林一滑雪场禁止朋友教滑雪,2020-11-18 11:32:02,2020-11-18 17:30:02,21480
9,280331,李沇熹将离开SM,2020-11-18 10:00:02,2020-11-18 14:40:02,16800
9,280331,埃及交还31枚中国古钱币,2020-11-18 09:52:02,2020-11-18 17:10:01,26279
9,280331,林小宅 高昕,2020-11-18 10:26:01,2020-11-18 19:20:02,32041
9,280331,老人将300万房产送给水果摊主,2020-11-18 08:56:02,2020-11-18 14:22:02,19560
9,280331,山东被虐待致死女子表哥发声,2020-11-18 09:28:02,2020-11-18 15:16:01,20879
9,280331,重庆一驾校建在7层楼顶,2020-11-18 10:38:01,2020-11-18 14:06:01,12480
9,280331,张翰官方后援会辟谣,2020-11-18 11:26:02,2020-11-18 16:48:02,19320
9,280331,职业差评师出没外卖平台,2020-11-18 09:48:02,2020-11-18 14:12:02,15840
9,280331,蛋壳公寓大涨,2020-11-18 07:52:02,2020-11-18 15:34:02,27720
9,280331,年轻人如何快乐恋爱,2020-11-18 09:14:02,2020-11-18 14:20:02,18360
9,280331,这才是真正的身不由己,2020-11-18 11:22:02,2020-11-18 13:22:02,7200
9,280331,日本年轻女性不婚恋人数20年增1.5倍,2020-11-18 07:12:02,2020-11-18 16:34:01,33719
9,280331,教育部取消在港澳台地区学习证明,2020-11-18 11:46:02,2020-11-18 17:02:01,18959
9,280331,比特币升破17000美元,2020-11-18 10:48:02,2020-11-18 12:30:02,6120
9,280331,冷血狂宴定档,2020-11-18 11:40:01,2020-11-18 17:56:01,22560
9,280331,曹译文,2020-11-18 09:12:02,2020-11-18 19:04:02,35520
9,280331,南京42处落叶不扫观赏点,2020-11-18 10:28:02,2020-11-18 13:08:01,9599
9,280331,配合小朋友画画的猫咪,2020-11-18 10:48:02,2020-11-18 13:36:01,10079
9,280331,哈登去哪儿,2020-11-18 10:02:01,2020-11-18 13:00:01,10680
9,280331,猫和老鼠电影预告,2020-11-18 11:40:01,2020-11-18 17:46:02,21961
9,280331,68件流失英国文物追索回国,2020-11-18 10:26:01,2020-11-18 13:08:01,9720
9,280331,四川14岁男孩身高创吉尼斯纪录,2020-11-18 07:54:02,2020-11-18 13:26:02,19920
9,280331,Keria加入T1,2020-11-18 11:32:02,2020-11-18 13:28:02,6960
9,280331,PD系列造假受害者名单,2020-11-18 11:32:02,2020-11-18 14:02:01,8999
9,280331,金晨星河流光长裙,2020-11-17 23:48:02,2020-11-18 13:04:02,47760
9,280331,天津新增1例本土确诊,2020-11-18 07:34:01,2020-11-18 12:50:02,18961
9,280331,美国5岁男孩家中玩耍头部中弹,2020-11-18 07:54:02,2020-11-18 12:44:02,17400
9,280331,NBA新赛季赛制,2020-11-18 11:20:02,2020-11-18 13:08:01,6479
9,280331,拔河拔成街舞的样子,2020-11-18 10:52:01,2020-11-18 12:56:02,7441
9,280331,为啥乌布雷纹了一个张译,2020-11-18 08:16:02,2020-11-18 12:38:02,15720
9,280331,世界上最昂贵口罩卖价985万元,2020-11-18 07:34:01,2020-11-18 14:02:01,23280
9,280331,女子因未孕遭虐待致死案细节,2020-11-17 23:38:01,2020-11-18 12:26:02,46081
9,280331,2020电视剧剧本扶持名单,2020-11-18 11:48:02,2020-11-18 14:36:02,10080
9,280331,潮流合伙人发布会,2020-11-18 11:46:02,2020-11-18 15:44:02,14280
9,280331,人类作死行为实录,2020-11-18 11:38:02,2020-11-18 12:26:02,2880
9,280331,马首铜像年内回到圆明园,2020-11-18 11:54:02,2020-11-18 13:36:01,6119
9,280331,外卖小哥冲进火海救同行,2020-11-18 10:20:02,2020-11-18 12:36:02,8160
9,280331,40元可买十万条简历,2020-11-18 12:00:02,2020-11-18 15:54:02,14040
9,280331,连云港花果山上千年银杏美如画,2020-11-18 11:28:02,2020-11-18 12:12:01,2639
9,280331,安徽2名蓝天救援队员训练时遇难,2020-11-18 09:42:01,2020-11-18 12:22:02,9601
9,280331,Perkz离队,2020-11-18 11:00:02,2020-11-18 12:00:02,3600
10,280691,微信新表情,2020-01-14 17:04:02,2020-11-19 12:40:02,70560
10,280691,普京称中国为他国抗疫树立了榜样,2020-11-18 23:38:02,2020-11-19 17:06:02,62880
10,280691,萧亚轩 分手后还可以做朋友,2020-11-18 19:52:02,2020-11-19 11:02:01,54599
10,280691,原来微信新表情来自五阿哥,2020-11-18 22:28:02,2020-11-19 13:58:01,55799
10,280691,北方暴雪南方多地气温超31度,2020-11-18 16:36:02,2020-11-19 07:34:01,53879
10,280691,丁真,2020-11-13 08:08:02,2020-11-19 09:10:01,3719
10,280691,年轻人为什么不愿意谈恋爱了,2020-11-18 18:44:02,2020-11-19 10:32:02,56880
10,280691,丁真已签约成国有公司员工,2020-11-18 22:00:02,2020-11-19 10:22:01,44519
10,280691,王骁的表情,2020-11-18 23:34:02,2020-11-19 10:18:01,38639
10,280691,杨奇函,2019-11-17 15:46:02,2020-11-19 07:24:02,56280
10,280691,顶楼,2020-10-28 08:02:01,2020-11-24 07:46:02,85441
10,280691,鹿鼎记,2020-11-15 21:10:02,2020-11-21 09:08:01,43079
10,280691,2岁赛鸽卖出1250万,2020-11-18 23:04:02,2020-11-19 09:50:02,38760
10,280691,张雨绮回应朱正廷,2020-11-18 17:30:02,2020-11-19 02:08:02,31080
10,280691,反向凡尔赛大师,2020-11-18 16:56:02,2020-11-19 07:06:01,50999
10,280691,王冰冰生图,2020-11-18 22:32:02,2020-11-19 11:44:02,47520
10,280691,范丞丞王安宇哈尔滨,2020-11-18 23:04:02,2020-11-19 12:40:02,48960
10,280691,硕士论文研究董明珠自恋,2020-11-18 17:54:02,2020-11-19 08:42:01,53279
10,280691,下雪,2020-02-15 08:56:01,2020-11-24 06:34:01,77880
10,280691,心疼丁辉,2020-11-18 22:36:02,2020-11-19 09:42:02,39960
10,280691,如果天官赐福拍真人版,2020-11-18 19:10:02,2020-11-19 01:54:01,24239
10,280691,外交部称中俄树立了国际抗疫合作典范,2020-11-18 23:22:02,2020-11-19 16:46:02,62640
10,280691,贵州茅台原副总经理被移送检察机关,2020-11-18 20:32:02,2020-11-19 07:36:02,39840
10,280691,校方回应男生被球拍击中身亡,2020-11-18 23:38:02,2020-11-19 11:48:02,43800
10,280691,撒野,2019-12-04 16:44:01,2020-11-19 12:58:02,72841
10,280691,易烊千玺冷血狂宴镜头,2020-11-18 21:44:01,2020-11-19 09:48:02,43441
10,280691,Ben退役,2020-11-18 20:30:02,2020-11-19 00:00:02,12600
10,280691,字节跳动申请抖音电商商标,2020-11-18 17:28:02,2020-11-19 02:20:02,31920
10,280691,104岁开国少将杨思禄逝世,2020-11-18 23:04:02,2020-11-19 08:48:02,35040
10,280691,语气词对女生有多重要,2020-11-18 22:00:02,2020-11-19 10:08:02,43680
10,280691,粉丝给林更新送锦旗,2020-11-18 23:08:01,2020-11-19 09:10:01,36120
10,280691,朱一暄说话方式,2020-11-18 22:54:02,2020-11-19 01:58:01,11039
10,280691,外交部用两个五概括中国疫苗研发进展,2020-11-18 18:28:02,2020-11-19 08:06:01,49079
10,280691,瞿泽林嘴瓢拿了最佳辩手,2020-11-18 23:04:02,2020-11-19 09:50:02,38760
10,280691,秦霄贤妈妈,2020-11-18 18:02:01,2020-11-19 06:36:02,45241
10,280691,中国最具幸福感城市,2020-11-18 23:44:02,2020-11-19 13:20:02,48960
10,280691,九尾狐传,2020-10-08 22:36:02,2020-11-19 10:02:02,41160
10,280691,南京气温破11月最高纪录,2020-11-18 23:48:02,2020-11-19 08:56:02,32880
10,280691,终于有了冬天的感觉,2020-11-18 23:40:01,2020-11-19 05:36:02,21361
10,280691,上海一公厕15分钟不出来自动报警,2020-11-18 23:52:02,2020-11-19 13:28:02,48960
10,280691,詹秋怡慢热,2020-11-18 23:50:01,2020-11-19 00:20:02,1801
10,280691,燕云台,2020-11-03 19:48:01,2020-11-23 08:28:02,45601
10,280691,eStar,2020-11-18 23:46:02,2020-11-19 07:08:02,26520
10,280691,突然间就穿越到夏天了,2020-11-18 23:48:02,2020-11-19 10:22:01,38039
10,280691,台军F16战机失联后连夜搜救无果,2020-11-18 21:24:02,2020-11-19 07:54:02,37800
10,280691,干饭人暗号,2020-11-18 23:56:02,2020-11-19 09:34:02,34680
10,280691,外交部回应孟晚舟案关键证人拒绝出庭作证,2020-11-18 17:20:02,2020-11-19 00:04:02,24240
10,280691,瀑布滑蛋炸猪排,2020-11-18 23:58:01,2020-11-19 07:12:02,26041
11,281051,iPhone12绿屏,2020-11-19 10:12:02,2020-11-19 19:48:02,34560
11,281051,上海杀妻焚尸案开庭,2020-11-19 10:32:02,2020-11-19 20:30:02,35880
11,281051,苏有朋 为什么我还是没有,2020-11-19 10:34:01,2020-11-19 19:54:01,33600
11,281051,宁静摸粉丝丝袜,2020-11-19 10:54:02,2020-11-19 18:48:01,28439
11,281051,撒野站姐因哈尔滨太冷不拍了,2020-11-19 09:56:02,2020-11-19 17:28:01,27119
11,281051,杭州九价HPV,2020-08-10 15:46:02,2020-11-19 17:16:01,5399
11,281051,辱母杀人案当事人于欢出狱,2020-11-19 11:06:01,2020-11-19 19:50:01,31440
11,281051,中国自行车订单排到明年7月,2020-11-19 11:04:02,2020-11-19 16:54:02,21000
11,281051,美国多州将毒品合法化,2020-11-19 09:16:02,2020-11-19 17:48:01,30719
11,281051,NBA众星为汤普森祈祷,2020-11-19 10:48:02,2020-11-19 15:56:02,18480
11,281051,金莎发文谈盛况,2020-11-19 08:46:01,2020-11-19 16:40:02,28441
11,281051,天降陨石砸破房顶屋主成千万富翁,2020-11-19 09:24:01,2020-11-19 16:40:02,26161
11,281051,黑龙江连发20个暴雪预警,2020-11-19 10:50:01,2020-11-19 14:42:01,13920
11,281051,好朋友分别要有仪式感,2020-11-19 10:10:01,2020-11-19 15:26:02,18961
11,281051,新疆天山北麓发现古代公共浴场遗址,2020-11-19 10:44:02,2020-11-19 15:14:01,16199
11,281051,人一生约3年在厕所度过,2020-11-19 10:24:02,2020-11-19 17:30:02,25560
11,281051,下雪,2020-02-15 08:56:01,2020-11-24 06:34:01,77880
11,281051,人民日报谈家长群变味,2020-11-19 09:44:02,2020-11-19 14:50:01,18359
11,281051,南方雪重还是北方雪重,2020-11-19 10:42:01,2020-11-19 15:58:02,18961
11,281051,猪肉价格已连续两个多月下降,2020-11-19 07:50:01,2020-11-19 14:14:01,23040
11,281051,深圳一工人粉刷外墙时坠亡,2020-11-19 09:20:02,2020-11-19 15:16:02,21360
11,281051,上海一公厕15分钟不出来自动报警,2020-11-18 23:52:02,2020-11-19 13:28:02,48960
11,281051,大学生在校园内被狂风暴雪吹走,2020-11-19 11:46:02,2020-11-19 18:48:01,25319
11,281051,克莱汤普森受伤,2020-11-19 08:02:01,2020-11-19 13:10:01,18480
11,281051,马斯克感染新冠病毒,2020-11-19 07:52:02,2020-11-19 13:56:02,21840
11,281051,中国最具幸福感城市,2020-11-18 23:44:02,2020-11-19 13:20:02,48960
11,281051,曹译文父亲公司被指涉多条法律诉讼,2020-11-19 09:52:02,2020-11-19 13:22:01,12599
11,281051,2020NBA选秀,2020-11-19 08:34:01,2020-11-19 13:02:02,16081
11,281051,普京称中国为他国抗疫树立了榜样,2020-11-18 23:38:02,2020-11-19 17:06:02,62880
11,281051,北京多区已下雪,2020-11-19 08:58:02,2020-11-19 15:40:02,24120
11,281051,这是唢呐成精了吧,2020-11-19 08:40:02,2020-11-19 14:48:02,22080
11,281051,原来微信新表情来自五阿哥,2020-11-18 22:28:02,2020-11-19 13:58:01,55799
11,281051,酒店级别的叠被子方法,2020-11-19 11:44:02,2020-11-19 15:22:02,13080
11,281051,外交部称中俄树立了国际抗疫合作典范,2020-11-18 23:22:02,2020-11-19 16:46:02,62640
11,281051,撒野,2019-12-04 16:44:01,2020-11-19 12:58:02,72841
11,281051,哈尔滨下雪,2019-11-17 22:38:01,2020-11-19 14:00:02,55321
11,281051,长春下雪,2020-11-19 10:48:02,2020-11-19 13:00:02,7920
11,281051,世界厕所日,2019-11-19 12:24:02,2020-11-19 13:02:02,2280
11,281051,柯洁12连胜被陶欣然终结,2020-11-19 07:36:02,2020-11-19 12:56:02,19200
11,281051,高校大学生排长队滑雪,2020-11-19 11:46:02,2020-11-19 18:44:01,25079
11,281051,汨罗餐馆燃爆因小型煤气罐泄露引发,2020-11-19 11:38:02,2020-11-19 12:34:01,3359
11,281051,古北水镇醉人雪景,2020-11-19 11:36:02,2020-11-19 12:30:01,3239
11,281051,哈尔滨鼓励房企打折促销,2020-11-19 11:50:02,2020-11-19 13:26:02,5760
11,281051,令人心动的offer,2019-11-07 08:30:01,2020-11-19 13:22:01,17520
11,281051,微信新表情,2020-01-14 17:04:02,2020-11-19 12:40:02,70560
11,281051,广州国际灯光节,2020-11-15 11:02:01,2020-11-19 12:10:01,4080
11,281051,Rekkles离开FNC,2020-11-19 08:50:02,2020-11-19 12:32:02,13320
11,281051,长春行道树结冰折断多车受损,2020-11-19 11:46:02,2020-11-19 12:16:02,1800
11,281051,范丞丞王安宇哈尔滨,2020-11-18 23:04:02,2020-11-19 12:40:02,48960
12,281411,辛巴所售燕窝被王海检测为糖水,2020-11-19 22:00:02,2020-11-20 11:40:01,49199
12,281411,武则天她妈在钦州研究工作组更名,2020-11-19 21:08:02,2020-11-20 10:26:02,47880
12,281411,肖战李沁吻戏,2020-11-19 22:30:01,2020-11-20 13:40:01,54600
12,281411,天津疫情,2020-11-08 17:50:02,2020-11-21 23:08:02,19080
12,281411,王一博和周迅抬杠好可爱,2020-11-19 21:26:01,2020-11-20 10:28:01,46920
12,281411,狼殿下全集上线,2020-11-19 20:50:02,2020-11-20 11:30:02,52800
12,281411,母亲失手打死12岁女儿获刑十年,2020-11-19 19:50:01,2020-11-20 09:28:01,49080
12,281411,苹果将和解iPhone降速门指控,2020-11-19 22:26:01,2020-11-20 10:14:02,42481
12,281411,于欢出狱后首发声,2020-11-19 19:52:02,2020-11-20 11:38:02,56760
12,281411,天津泰达医院,2020-11-19 21:46:02,2020-11-20 11:02:01,47759
12,281411,张新成方声明,2020-11-19 22:54:02,2020-11-20 10:50:02,42960
12,281411,杨幂刘诗诗同框,2020-11-19 20:02:01,2020-11-20 11:06:02,54241
12,281411,周扬青回应没脖子,2020-11-19 19:06:02,2020-11-20 10:14:02,54480
12,281411,新疆喀什现有确诊病例清零,2020-11-19 23:06:01,2020-11-20 08:38:02,34321
12,281411,TVB台庆,2020-11-19 21:44:02,2020-11-20 09:26:02,42120
12,281411,陈赫乱入邓伦活动现场,2020-11-19 23:40:01,2020-11-20 13:30:02,49801
12,281411,上海一高三女生留遗书后溺亡,2020-11-19 23:36:01,2020-11-20 12:20:02,45841
12,281411,女童误服降压药不幸身亡,2020-11-19 21:36:02,2020-11-20 11:24:01,49679
12,281411,天津大学张裕卿,2020-11-19 20:50:02,2020-11-20 11:24:01,52439
12,281411,周扬青脖子,2020-11-19 16:58:02,2020-11-20 07:14:02,51360
12,281411,武汉出现能给手机充电的路灯,2020-11-19 23:00:02,2020-11-20 09:26:02,37560
12,281411,吕翔,2020-11-19 22:56:01,2020-11-20 02:14:02,11881
12,281411,2020年最常用密码,2020-11-19 16:44:02,2020-11-20 07:08:02,51840
12,281411,悉尼门将染红,2020-11-19 21:38:02,2020-11-20 02:52:01,18839
12,281411,王大陆分饰两角,2020-11-19 22:50:02,2020-11-20 10:14:02,41040
12,281411,杀妻焚尸案爱犬为救主冲入火海,2020-11-19 19:50:01,2020-11-20 09:50:02,50401
12,281411,你设置的密码真的安全吗,2020-11-19 22:02:01,2020-11-20 09:32:02,41401
12,281411,我国将全面推行证明事项告知承诺制,2020-11-19 23:34:02,2020-11-20 12:40:02,47160
12,281411,巴斯克林,2020-11-19 22:12:02,2020-11-20 08:38:02,37560
12,281411,肖战疾冲,2020-11-19 16:50:01,2020-11-20 08:28:02,56281
12,281411,日本新增确诊首超2000例,2020-11-19 22:48:02,2020-11-20 07:26:02,31080
12,281411,从结婚开始恋爱,2020-10-29 20:46:01,2020-11-24 09:30:02,45841
12,281411,隐秘而伟大,2020-11-06 19:26:02,2020-11-20 07:50:02,44640
12,281411,赵立坚回应五眼联盟就香港问题的声明,2020-11-19 17:04:02,2020-11-20 07:22:01,51479
12,281411,好评差评是否还有参考价值,2020-11-19 22:06:01,2020-11-20 09:28:01,40920
12,281411,南方人体会不到的冰雪名场面,2020-11-19 22:56:01,2020-11-20 09:40:02,38641
12,281411,听信同学办银行卡成犯罪嫌疑人,2020-11-19 23:20:02,2020-11-20 08:48:02,34080
12,281411,姜子牙上线,2020-11-19 19:24:02,2020-11-20 07:06:01,42119
12,281411,以你的心诠释我的爱,2020-10-30 07:12:02,2020-11-20 07:28:02,960
12,281411,李沁演的马摘星,2020-11-19 17:24:01,2020-11-20 08:22:02,53881
12,281411,南京现垃圾代扔服务50元包月,2020-11-19 23:04:02,2020-11-20 07:44:02,31200
12,281411,高中生用9张纸做出复刻版校园,2020-11-19 23:46:02,2020-11-20 08:36:02,31800
12,281411,我国积雪最深的地方在哪,2020-11-19 23:34:02,2020-11-20 08:38:02,32640
12,281411,降落伞试跳员26年试跳3000多次,2020-11-19 23:42:02,2020-11-20 08:52:02,33000
12,281411,郑爽为杀妻焚尸案受害者发声,2020-11-19 15:36:01,2020-11-20 01:36:02,36001
12,281411,航拍深秋的西湖,2020-11-19 23:44:02,2020-11-20 08:38:02,32040
12,281411,哈尔滨暴雪路滑环卫工爬行过马路,2020-11-19 22:06:01,2020-11-20 04:28:01,22920
12,281411,韩德让血泪,2020-11-19 23:16:02,2020-11-20 05:02:02,20760
12,281411,擦边球内容流入微信视频号,2020-11-19 20:32:01,2020-11-20 00:24:01,13920
12,281411,水下拍照有多难,2020-11-19 23:16:02,2020-11-20 00:00:02,2640
13,281771,清华学姐,2020-11-20 08:40:02,2020-11-22 22:14:02,48840
13,281771,河南信阳一货车与送葬人群相撞,2020-11-20 10:52:01,2020-11-20 17:12:02,22801
13,281771,蔡徐坤给张凯丽让伞,2020-11-20 10:16:02,2020-11-20 17:36:02,26400
13,281771,邓伦跟着舒淇淑女蹲,2020-11-20 09:30:02,2020-11-20 17:58:01,30479
13,281771,向佐自称幸福的奶爸,2020-11-20 09:28:01,2020-11-20 16:22:01,24840
13,281771,英国宣布30年来最大规模军事投资计划,2020-11-20 11:30:02,2020-11-20 17:06:01,20159
13,281771,天津大学一教授被实名举报学术造假,2020-11-20 07:40:01,2020-11-20 15:38:01,28680
13,281771,不孕被虐致死女子曾当街遭丈夫殴打,2020-11-20 08:48:02,2020-11-20 15:56:02,25680
13,281771,天津新增4例本土确诊,2020-11-20 07:10:01,2020-11-20 14:14:01,25440
13,281771,周星驰被前女友追讨投资分成案开审,2020-11-20 07:16:02,2020-11-20 14:56:02,27600
13,281771,辛巴方回应所售燕窝被检测为糖水,2020-11-20 10:16:02,2020-11-20 18:48:02,30720
13,281771,王大陆熬夜追剧,2020-11-20 09:40:02,2020-11-20 16:54:01,26039
13,281771,天津泰达医院内患者单间隔离治疗,2020-11-20 11:14:02,2020-11-20 14:08:02,10440
13,281771,VOGUE主编张宇将离职,2020-11-20 11:42:02,2020-11-20 18:20:02,23880
13,281771,杨超越的猫走丢了,2020-11-20 07:22:01,2020-11-20 15:20:02,28681
13,281771,唐靖,2020-11-20 10:30:02,2020-11-20 16:40:02,22200
13,281771,东北大妈用雪洗貂皮大衣,2020-11-20 11:26:02,2020-11-20 19:34:02,29280
13,281771,南师大回应校内悬挂旭日旗,2020-11-20 09:30:02,2020-11-20 17:18:01,28079
13,281771,除暴,2020-11-14 17:48:02,2020-11-23 07:38:02,49800
13,281771,微胖辣妹妆,2020-11-20 11:08:02,2020-11-20 16:04:02,17760
13,281771,广州车展,2020-11-20 10:16:02,2020-11-20 18:08:02,28320
13,281771,600亿蚂蚁战配基金可申请退出,2020-11-20 11:30:02,2020-11-20 16:22:01,17519
13,281771,华彩少年制服,2020-11-20 10:44:01,2020-11-20 15:02:01,15480
13,281771,TVB男星像年会上被迫营业的男同事,2020-11-20 09:54:02,2020-11-20 14:32:02,16680
13,281771,教育部答复幼儿园纳入义务教育,2020-11-20 11:22:02,2020-11-20 19:48:01,30359
13,281771,拜登被抗疫护士说哭,2020-11-20 07:20:02,2020-11-20 13:56:02,23760
13,281771,小女孩乘车获赠口罩次日带小礼物回赠,2020-11-20 09:44:02,2020-11-20 13:40:01,14159
13,281771,陈奕迅 是但求其爱,2020-11-20 07:32:02,2020-11-20 13:58:01,23159
13,281771,于文凤,2020-11-20 08:32:02,2020-11-20 13:42:02,18600
13,281771,公安部派工作组赴信阳事故现场,2020-11-20 11:28:01,2020-11-20 12:52:02,5041
13,281771,陈赫乱入邓伦活动现场,2020-11-19 23:40:01,2020-11-20 13:30:02,49801
13,281771,男孩放学没人接到派出所写作业,2020-11-20 09:52:01,2020-11-20 13:40:01,13680
13,281771,我国将全面推行证明事项告知承诺制,2020-11-19 23:34:02,2020-11-20 12:40:02,47160
13,281771,25只东北虎拥有中俄双国籍,2020-11-20 09:30:02,2020-11-20 13:38:02,14880
13,281771,蒙面男子深夜往派出所扔了把枪,2020-11-20 08:42:01,2020-11-20 13:30:02,17281
13,281771,肖战李沁吻戏,2020-11-19 22:30:01,2020-11-20 13:40:01,54600
13,281771,爱在三部曲台湾重映,2020-11-20 11:34:02,2020-11-20 13:40:01,7559
13,281771,汪苏泷被喇叭支配到变形,2020-11-20 11:44:02,2020-11-20 14:02:01,8279
13,281771,破茧,2020-11-03 19:56:02,2020-11-20 13:16:02,62400
13,281771,重庆7层楼顶驾校负责人被约谈,2020-11-20 07:10:01,2020-11-20 12:24:02,18841
13,281771,海拔4500米边防官兵吃上了自热火锅,2020-11-20 09:34:01,2020-11-20 12:52:02,11881
13,281771,孙芮戴萌旗袍扇子舞,2020-11-20 11:52:02,2020-11-20 14:12:02,8400
13,281771,天津瞰海轩小区全员集中隔离观察,2020-11-20 11:34:02,2020-11-20 12:04:02,1800
13,281771,下雪后打篮球有多难,2020-11-20 11:22:02,2020-11-20 13:28:02,7560
13,281771,上海一高三女生留遗书后溺亡,2020-11-19 23:36:01,2020-11-20 12:20:02,45841
13,281771,汤普森跟腱撕裂,2020-11-20 07:08:02,2020-11-20 12:12:02,18240
13,281771,吉林遭遇罕见冰雨,2020-11-20 10:16:02,2020-11-20 12:02:02,6360
13,281771,天津大学解除张裕卿聘用合同,2020-11-20 08:40:02,2020-11-20 14:52:02,22320
14,282131,香港疫情急速恶化,2020-11-20 21:34:02,2020-11-21 09:06:02,41520
14,282131,上海新增2例本地确诊病例,2020-11-20 22:56:02,2020-11-23 14:56:02,57600
14,282131,单依纯好声音冠军,2020-11-20 23:06:02,2020-11-21 15:18:02,58320
14,282131,上海周浦医院,2020-11-20 22:00:02,2020-11-21 12:26:02,51960
14,282131,演员因大雪错过比赛在车厢内表演,2020-11-20 21:16:02,2020-11-21 11:16:02,50400
14,282131,张碧晨雨中唱生命之河,2020-11-20 23:02:01,2020-11-21 08:18:02,33361
14,282131,狼殿下,2019-12-05 19:24:02,2020-11-23 07:20:01,42959
14,282131,外交部回应印度破坏中巴经济走廊建设,2020-11-20 18:20:02,2020-11-21 08:22:02,50520
14,282131,王大陆演技,2020-11-20 22:36:02,2020-11-21 12:42:02,50760
14,282131,潘虹淘汰,2020-11-20 22:30:02,2020-11-21 07:40:02,33000
14,282131,哈哈哈哈哈,2020-11-06 22:06:01,2020-11-21 15:18:02,61921
14,282131,想给单依纯披件衣服,2020-11-20 22:04:02,2020-11-21 12:14:01,50999
14,282131,拉姆曾晒离婚证说感觉自己安全了,2020-11-20 18:22:01,2020-11-21 08:26:02,50641
14,282131,全球最后一只白色长颈鹿,2020-11-20 19:58:02,2020-11-21 11:00:02,54120
14,282131,斑马森林最后一首竟然唱一滴泪的时间,2020-11-20 23:16:02,2020-11-21 11:40:02,44640
14,282131,何洁再唱你一定要幸福,2020-11-20 22:30:02,2020-11-21 11:20:02,46200
14,282131,青岛七部门约谈滴滴出行,2020-11-20 23:40:02,2020-11-21 09:30:01,35399
14,282131,微信支持发送大文件,2020-11-20 16:24:02,2020-11-21 07:12:02,53280
14,282131,电视剧半生缘改名情深缘起,2020-11-20 23:10:01,2020-11-21 13:18:01,50880
14,282131,上海南汇中心医院,2020-11-20 20:32:02,2020-11-21 08:52:02,44400
14,282131,天津瞰海轩小区为何两度发现感染者,2020-11-20 23:38:01,2020-11-21 12:14:01,45360
14,282131,TES无缘季后赛,2020-11-20 21:06:01,2020-11-21 07:28:02,37321
14,282131,小米将建年产能千万台手机的无人工厂,2020-11-20 21:00:02,2020-11-21 08:22:02,40920
14,282131,孟美岐被私生调换航班座位,2020-11-20 16:48:02,2020-11-21 08:52:02,57840
14,282131,奚梦瑶 我嫁的不是豪门是爱情,2020-11-20 15:46:01,2020-11-21 07:46:01,57600
14,282131,伊能静双十一开箱vlog,2020-11-20 20:06:02,2020-11-21 09:50:01,49439
14,282131,特朗普律师开记者会两颊抢镜,2020-11-20 21:00:02,2020-11-21 23:44:02,9840
14,282131,美军军舰暴发大规模新冠疫情,2020-11-20 19:50:02,2020-11-21 07:54:01,43439
14,282131,姜子牙,2020-09-25 23:00:02,2020-11-21 11:24:02,44640
14,282131,新西游记8,2020-09-14 14:18:02,2020-11-21 12:10:01,78719
14,282131,广州将实现无人驾驶出租车,2020-11-20 23:36:02,2020-11-21 08:36:01,32399
14,282131,邓超黄渤跳舞太好笑了,2020-11-20 23:44:02,2020-11-21 13:06:02,48120
14,282131,外交部回应加方称不后悔逮捕孟晚舟,2020-11-20 17:14:01,2020-11-21 07:50:01,52560
14,282131,狼仔坠崖,2020-11-20 23:00:02,2020-11-21 10:06:01,39959
14,282131,演员田蕤涉嫌猥亵被提起公诉,2020-11-20 19:10:02,2020-11-21 08:58:02,49680
14,282131,美国数万老人在养老院非正常死亡,2020-11-20 22:22:02,2020-11-21 10:58:02,45360
14,282131,WINTER身材,2020-11-20 20:28:02,2020-11-21 07:48:02,40800
14,282131,井柏然晒白敬亭丑照,2020-11-20 17:14:01,2020-11-21 07:08:02,50041
14,282131,壁画中走出来的异域佳人,2020-11-20 23:04:02,2020-11-21 12:12:02,47280
14,282131,收集自己掉的头发,2020-11-20 19:36:01,2020-11-21 07:26:01,42600
14,282131,燕云台,2020-11-03 19:48:01,2020-11-23 08:28:02,45601
14,282131,美国疫情,2020-02-29 08:34:01,2020-11-23 08:28:02,86041
14,282131,李健冠军导师,2020-11-20 23:58:02,2020-11-21 00:30:01,1919
14,282131,林高远不敌张禹珍,2020-11-20 23:52:02,2020-11-21 07:20:02,26880
14,282131,伪造血衣造谣家长被判缓刑,2020-11-20 19:06:02,2020-11-21 07:46:01,45599
14,282131,秋日栗栗排骨饭,2020-11-20 19:16:01,2020-11-21 07:16:02,43201
14,282131,鹿鼎记,2020-11-15 21:10:02,2020-11-21 09:08:01,43079
14,282131,吴彦祖演技,2020-11-20 20:44:01,2020-11-21 07:08:02,37441
14,282131,刑讯逼供制造冤案3民警获刑,2020-11-20 22:50:02,2020-11-21 04:30:02,20400
15,282491,上海浦东医院4015人被隔离,2020-11-21 11:02:02,2020-11-21 17:36:01,23639
15,282491,刘诗诗像小说里的豪门千金,2020-11-21 11:26:02,2020-11-21 20:12:01,31559
15,282491,李健唱完就穿上了棉袄,2020-11-21 08:08:02,2020-11-21 17:24:02,33360
15,282491,天津确诊病例孙女幼儿园环境样本阳性,2020-11-21 08:54:02,2020-11-21 15:32:02,23880
15,282491,故宫的雪,2019-11-30 08:10:02,2020-11-21 19:44:02,41640
15,282491,天官赐福,2020-01-02 19:08:01,2020-11-21 20:06:02,3481
15,282491,北京下雪,2019-11-21 11:46:01,2020-11-21 19:30:02,27841
15,282491,北京降雪已达初雪标准,2020-11-21 10:36:02,2020-11-21 16:48:02,22320
15,282491,特朗普长子感染新冠,2020-11-21 08:00:02,2020-11-21 15:06:02,25560
15,282491,新疆快递员雪地骑马送快递,2020-11-21 09:14:02,2020-11-21 16:44:02,27000
15,282491,浦东新区明天华城小区升为中风险,2020-11-21 09:32:02,2020-11-21 15:50:02,22680
15,282491,公司组织员工拓展训练致3死1伤,2020-11-21 10:42:01,2020-11-21 14:10:01,12480
15,282491,南方人羡慕的打雪仗,2020-11-21 10:50:01,2020-11-21 15:54:02,18241
15,282491,狼殿下苍鹰,2020-11-21 11:20:02,2020-11-21 17:40:01,22799
15,282491,李荣浩送斑马森林秋裤,2020-11-21 07:26:01,2020-11-21 15:48:02,30121
15,282491,素媛案罪犯将出狱韩国政府排查监控,2020-11-21 11:44:02,2020-11-21 18:14:02,23400
15,282491,初雪的第一顿火锅,2020-11-21 11:24:02,2020-11-21 19:10:01,27959
15,282491,NBA交易,2020-11-18 08:20:02,2020-11-21 17:02:02,31320
15,282491,中国人脸识别第一案判了,2020-11-21 07:22:01,2020-11-21 16:34:02,33121
15,282491,厌食症的人吃饭有多痛苦,2020-11-21 07:34:02,2020-11-21 16:04:01,30599
15,282491,两嫌疑人盗用艺人航空里程被批捕,2020-11-21 07:28:02,2020-11-21 15:34:02,29160
15,282491,美团将建上海总部,2020-11-21 10:56:02,2020-11-21 13:58:02,10920
15,282491,大白鲸调皮咬走驯养员脚蹼,2020-11-21 09:10:02,2020-11-21 16:30:02,26400
15,282491,东北的司机有多难,2020-11-21 09:56:02,2020-11-21 16:34:02,23880
15,282491,哈雷尔签约湖人,2020-11-21 11:02:02,2020-11-21 14:04:02,10920
15,282491,单依纯好声音冠军,2020-11-20 23:06:02,2020-11-21 15:18:02,58320
15,282491,沪牌,2019-10-26 12:46:02,2020-11-21 16:36:02,13800
15,282491,申通回应快递用户信息遭贩卖,2020-11-21 09:32:02,2020-11-21 12:50:01,11879
15,282491,特朗普律师开记者会两颊抢镜,2020-11-20 21:00:02,2020-11-21 23:44:02,9840
15,282491,霍华德加盟76人,2020-11-21 09:52:02,2020-11-21 14:34:02,16920
15,282491,狼殿下,2019-12-05 19:24:02,2020-11-23 07:20:01,42959
15,282491,天津下雪,2019-11-29 19:28:02,2020-11-21 15:18:02,71400
15,282491,2020年只剩40天,2020-11-21 08:24:02,2020-11-21 15:58:02,27240
15,282491,男子在鼻烟壶内画邓布利多,2020-11-21 07:14:02,2020-11-21 14:06:01,24719
15,282491,太原下雪,2020-11-21 07:38:02,2020-11-21 13:02:01,19439
15,282491,上海新增2例本地确诊病例,2020-11-20 22:56:02,2020-11-23 14:56:02,57600
15,282491,丁俊晖不敌奥沙利文,2020-08-10 09:02:02,2020-11-21 12:50:01,13679
15,282491,Perkz加入C9,2020-11-21 09:52:02,2020-11-21 12:50:01,10679
15,282491,电视剧半生缘改名情深缘起,2020-11-20 23:10:01,2020-11-21 13:18:01,50880
15,282491,邓超黄渤跳舞太好笑了,2020-11-20 23:44:02,2020-11-21 13:06:02,48120
15,282491,哈哈哈哈哈,2020-11-06 22:06:01,2020-11-21 15:18:02,61921
15,282491,想给单依纯披件衣服,2020-11-20 22:04:02,2020-11-21 12:14:01,50999
15,282491,Rekkles加入G2,2020-11-21 07:50:01,2020-11-21 12:20:02,16201
15,282491,王大陆演技,2020-11-20 22:36:02,2020-11-21 12:42:02,50760
15,282491,威信禁遛狗新政已暂停执行,2020-11-21 10:10:01,2020-11-21 12:28:02,8281
15,282491,上海周浦医院,2020-11-20 22:00:02,2020-11-21 12:26:02,51960
15,282491,颐和园的雪,2020-11-21 11:54:02,2020-11-21 16:48:02,17640
15,282491,天津瞰海轩小区为何两度发现感染者,2020-11-20 23:38:01,2020-11-21 12:14:01,45360
15,282491,壁画中走出来的异域佳人,2020-11-20 23:04:02,2020-11-21 12:12:02,47280
16,282851,王大陆蹭了李沁鼻子瞬间打了高光,2020-11-21 20:12:01,2020-11-22 12:42:02,59401
16,282851,中方建议健康码国际互认,2020-11-21 22:42:02,2020-11-22 10:16:02,41640
16,282851,蔡依林 40岁真的feel damn good,2020-11-21 22:40:02,2020-11-22 13:30:02,53400
16,282851,孟子义发文感谢郭敬明,2020-11-21 22:32:02,2020-11-22 11:32:02,46800
16,282851,我们离婚了,2020-11-21 17:38:02,2020-11-22 11:04:02,62760
16,282851,汪涵李雪琴李佳琦直播被中消协点名,2020-11-21 18:14:02,2020-11-22 10:56:02,60120
16,282851,狼殿下弹幕,2020-11-21 19:32:02,2020-11-22 10:22:01,53399
16,282851,吴尊友说我国疫情不会卷土重来,2020-11-21 22:38:01,2020-11-22 07:38:02,32401
16,282851,美总统官方推特账号将自动转给拜登,2020-11-21 17:48:01,2020-11-22 14:00:02,72721
16,282851,山东被虐致死女子生前遭软禁,2020-11-21 20:58:01,2020-11-22 09:16:01,44280
16,282851,李亚鹏新恋情,2020-11-21 20:26:01,2020-11-22 11:42:02,54961
16,282851,赵薇导的剧场太好看了,2020-11-21 22:12:02,2020-11-22 11:46:02,48840
16,282851,李佳琦方回应买完不让换,2020-11-21 20:14:01,2020-11-22 12:18:02,57841
16,282851,G20领导人第十五次峰会,2020-11-21 23:24:01,2020-11-22 18:52:02,70081
16,282851,男子被浸猪笼事件嫌犯全部到案,2020-11-21 19:32:02,2020-11-22 09:02:01,48599
16,282851,赵露思跑调,2020-11-21 22:56:02,2020-11-22 12:20:02,48240
16,282851,初雪奶枣,2020-11-21 18:26:02,2020-11-22 00:56:01,23399
16,282851,教育部回应为中小学生减负大学生加压,2020-11-21 18:10:02,2020-11-22 09:52:02,56520
16,282851,湖南给中小学教师减负,2020-11-21 21:04:02,2020-11-22 08:58:01,42839
16,282851,李金铭喊娄艺潇老公,2020-11-21 20:06:02,2020-11-22 12:18:02,58320
16,282851,迪丽热巴牵杨超越下台阶,2020-11-21 19:38:02,2020-11-22 11:38:02,57600
16,282851,佟大为关悦一家五口全家福,2020-11-21 19:38:02,2020-11-22 10:46:01,54479
16,282851,满洲里市将为全体市民进行核酸检测,2020-11-21 22:18:01,2020-11-22 07:24:02,32761
16,282851,iG纪录片,2020-11-21 20:56:02,2020-11-22 07:30:01,38039
16,282851,除暴票房破亿,2020-11-21 23:34:02,2020-11-22 10:44:02,40200
16,282851,吴彦祖打架浴巾都不掉,2020-11-21 20:28:02,2020-11-22 12:26:02,57480
16,282851,LGD,2020-05-25 13:10:02,2020-11-22 08:22:02,69120
16,282851,我国电子社保卡申领超3亿张,2020-11-21 18:32:02,2020-11-22 07:30:01,46679
16,282851,国乒包揽总决赛男女单打冠亚军,2020-11-21 21:16:02,2020-11-22 02:42:02,19560
16,282851,演员请就位,2019-10-25 19:32:02,2020-11-22 09:48:01,51359
16,282851,快乐大本营,2019-10-26 20:08:02,2020-11-22 10:34:01,51959
16,282851,密室逃脱里最让人崩溃的事,2020-11-21 22:22:01,2020-11-22 12:12:02,49801
16,282851,大鹏版花木兰,2020-11-21 23:34:02,2020-11-22 11:28:02,42840
16,282851,成毅在搞笑氛围里一秒入戏,2020-11-21 21:58:01,2020-11-22 11:22:02,48241
16,282851,第六感最准的那一次,2020-11-21 23:36:01,2020-11-22 12:50:01,47640
16,282851,看一眼就喜欢的工作,2020-11-21 22:44:02,2020-11-22 12:18:02,48840
16,282851,丁真开通微博,2020-11-21 17:26:01,2020-11-22 07:16:01,49800
16,282851,哪有女孩子会不喜欢浪漫,2020-11-21 20:50:01,2020-11-22 10:46:01,50160
16,282851,出生仅41天婴儿熟睡中完成核酸检测,2020-11-21 15:58:02,2020-11-22 07:12:01,54839
16,282851,鹿呦呦好可爱,2020-11-21 18:16:02,2020-11-22 10:18:01,57719
16,282851,舞蹈风暴,2019-11-02 22:52:01,2020-11-22 07:58:02,32761
16,282851,摘星醉酒,2020-11-21 23:42:02,2020-11-22 08:48:02,32760
16,282851,不提雪字描述雪很大,2020-11-21 17:38:02,2020-11-22 10:56:02,62280
16,282851,做人最大的败笔,2020-11-21 21:24:02,2020-11-22 07:54:02,37800
16,282851,企业组织员工团建拓展有必要吗,2020-11-21 23:30:02,2020-11-22 03:10:01,13199
16,282851,满洲里学校停课,2020-11-21 22:20:02,2020-11-22 07:02:02,31320
16,282851,满洲里机场暂停全部经呼飞中转业务,2020-11-21 21:00:02,2020-11-22 08:32:02,41520
16,282851,刘嘉玲双马尾,2020-11-21 16:36:02,2020-11-22 02:12:01,34559
16,282851,蔚山现代vs申花,2020-11-21 22:36:02,2020-11-22 07:06:02,30600
17,283211,黄子韬发了IU照片后秒删,2020-11-22 07:32:02,2020-11-22 18:06:01,38039
17,283211,孟晚舟引渡案多名证人接受询问,2020-11-22 11:06:01,2020-11-22 21:58:02,39121
17,283211,狼殿下台词又土又好笑,2020-11-22 10:24:02,2020-11-22 18:12:02,28080
17,283211,上海疫情,2020-11-11 20:22:01,2020-11-24 09:30:02,47281
17,283211,S卡变成了鼓励卡,2020-11-22 10:12:02,2020-11-22 16:52:02,24000
17,283211,明年新iPhone将使用增强版5nm芯片,2020-11-22 09:18:02,2020-11-22 18:32:02,33240
17,283211,1500万年前的枣,2020-11-22 10:36:02,2020-11-22 16:58:02,22920
17,283211,杨紫打卡亲爱的热爱的拍摄地,2020-11-22 11:46:02,2020-11-23 07:34:02,71280
17,283211,江苏男子连续3次高空抛物被判3年,2020-11-22 08:34:02,2020-11-22 16:10:01,27359
17,283211,倪虹洁的眼神好有说服力,2020-11-22 09:54:02,2020-11-22 16:36:02,24120
17,283211,黄子韬 我不是在追星这是一种爱,2020-11-22 08:46:02,2020-11-22 15:54:01,25679
17,283211,小雪,2019-11-22 07:22:02,2020-11-22 20:48:02,48360
17,283211,罪犯狱中网恋3年诈骗近40万元,2020-11-22 11:40:02,2020-11-22 15:46:01,14759
17,283211,满洲里2例确诊的密接均为阴性,2020-11-22 10:58:01,2020-11-22 13:58:02,10801
17,283211,美国综艺一参赛者心脏骤停身亡,2020-11-22 08:50:01,2020-11-22 14:04:02,18841
17,283211,宋慧乔童年照,2020-11-22 11:30:02,2020-11-22 18:56:02,26760
17,283211,张月发文回应尔冬升给S卡,2020-11-22 11:32:02,2020-11-22 17:12:02,20400
17,283211,一生一世剧照,2020-11-22 10:46:01,2020-11-22 17:00:02,22441
17,283211,美国大学研发人工皮肤,2020-11-22 11:32:02,2020-11-22 13:50:02,8280
17,283211,雷霆战将编剧,2020-11-22 10:58:01,2020-11-22 14:36:02,13081
17,283211,王者荣耀,2020-07-08 23:06:02,2020-11-23 07:10:01,29039
17,283211,把通讯录当记事本用,2020-11-22 11:26:02,2020-11-22 14:24:02,10680
17,283211,河北监狱管理局回应罪犯狱中网恋诈骗,2020-11-22 09:22:02,2020-11-22 14:38:01,18959
17,283211,粉笔模考,2019-11-03 11:28:01,2020-11-22 16:46:02,19081
17,283211,陈凯歌给王锵S卡,2020-11-22 10:06:02,2020-11-22 14:16:02,15000
17,283211,西安下雪,2019-11-24 12:06:02,2020-11-22 14:24:02,8280
17,283211,呼伦贝尔发布疫情Ⅲ级预警,2020-11-22 08:34:02,2020-11-22 13:22:01,17279
17,283211,六级口语,2020-11-22 09:20:01,2020-11-22 13:46:02,15961
17,283211,G20领导人第十五次峰会,2020-11-21 23:24:01,2020-11-22 18:52:02,70081
17,283211,夏达作品动画化,2020-11-22 09:52:02,2020-11-22 14:06:01,15239
17,283211,当代人过冬图鉴,2020-11-22 11:02:01,2020-11-22 14:22:01,12000
17,283211,蔡依林 40岁真的feel damn good,2020-11-21 22:40:02,2020-11-22 13:30:02,53400
17,283211,王圣迪拿滑板照,2020-11-22 09:04:02,2020-11-22 13:26:02,15720
17,283211,美总统官方推特账号将自动转给拜登,2020-11-21 17:48:01,2020-11-22 14:00:02,72721
17,283211,你家下雪了吗,2020-11-22 08:00:02,2020-11-22 14:04:02,21840
17,283211,王大陆蹭了李沁鼻子瞬间打了高光,2020-11-21 20:12:01,2020-11-22 12:42:02,59401
17,283211,总决赛纳达尔德约双双出局,2020-11-22 10:48:02,2020-11-22 12:42:02,6840
17,283211,当代打工人下班后的状态,2020-11-22 11:48:02,2020-11-22 15:14:01,12359
17,283211,市民冒雪游览八达岭长城,2020-11-22 09:12:01,2020-11-22 13:22:01,15000
17,283211,31省区市新增17例确诊,2020-11-20 08:50:01,2020-11-22 12:02:02,11521
17,283211,上海处罚超20起遛狗不牵绳行为,2020-11-22 08:00:02,2020-11-22 13:22:01,19319
17,283211,吴彦祖打架浴巾都不掉,2020-11-21 20:28:02,2020-11-22 12:26:02,57480
17,283211,李金铭喊娄艺潇老公,2020-11-21 20:06:02,2020-11-22 12:18:02,58320
17,283211,李佳琦方回应买完不让换,2020-11-21 20:14:01,2020-11-22 12:18:02,57841
17,283211,第六感最准的那一次,2020-11-21 23:36:01,2020-11-22 12:50:01,47640
17,283211,杭州马拉松,2020-11-03 11:42:02,2020-11-22 12:18:02,2160
17,283211,赵露思跑调,2020-11-21 22:56:02,2020-11-22 12:20:02,48240
17,283211,看一眼就喜欢的工作,2020-11-21 22:44:02,2020-11-22 12:18:02,48840
17,283211,波普重回湖人,2020-11-22 09:44:01,2020-11-22 12:14:02,9001
18,283571,王俊凯体重,2020-11-22 23:06:02,2020-11-23 14:06:01,53999
18,283571,上海新增2例本地确诊,2020-11-22 20:50:01,2020-11-23 09:20:02,45001
18,283571,希林娜依高容祖儿高音和声绝了,2020-11-22 23:00:02,2020-11-23 10:18:01,40679
18,283571,李沁 我可是勇敢的马摘星,2020-11-22 21:20:02,2020-11-23 10:18:01,46679
18,283571,日本网友对棋魂的反馈,2020-11-22 20:24:02,2020-11-23 10:12:02,49680
18,283571,大不了回家开个店,2020-11-22 19:30:02,2020-11-23 11:18:02,56880
18,283571,棋魂,2020-10-27 20:46:02,2020-11-23 11:18:02,52320
18,283571,官方回应家用自来水可点燃,2020-11-22 23:18:02,2020-11-23 13:00:01,49319
18,283571,危地马拉爆发大规模示威,2020-11-22 14:00:02,2020-11-23 07:34:02,63240
18,283571,我们的歌,2019-10-27 22:26:01,2020-11-23 09:26:02,39601
18,283571,萧燕燕当太后,2020-11-22 22:44:01,2020-11-23 10:32:02,42481
18,283571,王源抢答说没出生,2020-11-22 22:14:02,2020-11-23 11:20:02,47160
18,283571,沈青禾强吻顾耀东,2020-11-22 21:26:02,2020-11-23 10:02:02,45360
18,283571,浦东张江镇顺和路126弄小区列为中风险,2020-11-22 21:02:01,2020-11-23 08:28:02,41161
18,283571,原菜鸟副总裁史苗涉嫌受贿数百万,2020-11-22 21:28:02,2020-11-23 09:46:02,44280
18,283571,火锅店要求用餐必须有女伴,2020-11-22 21:58:02,2020-11-23 12:48:02,53400
18,283571,重庆现一座15层停车楼,2020-11-22 22:44:01,2020-11-23 10:42:02,43081
18,283571,常石磊陈小春改编版我爱的人,2020-11-22 23:34:01,2020-11-23 09:38:02,36241
18,283571,15个副省级城市房价,2020-11-22 23:14:02,2020-11-23 10:26:01,40319
18,283571,特朗普竞选总部要求再次重新计票,2020-11-22 21:56:02,2020-11-23 16:48:02,67920
18,283571,浦东机场,2020-07-22 16:44:02,2020-11-23 00:30:01,27959
18,283571,太一rap好拽,2020-11-22 22:58:02,2020-11-23 00:16:02,4680
18,283571,央视调查天价搬家费,2020-11-22 19:36:01,2020-11-23 09:24:02,49681
18,283571,1979年的电视玩PS5,2020-11-22 21:34:01,2020-11-23 09:32:02,43081
18,283571,天天向上,2019-10-27 23:08:02,2020-11-23 11:14:02,43560
18,283571,十年一品温如言,2020-11-22 16:44:02,2020-11-23 08:52:01,58079
18,283571,你有没有突然十分沮丧的一瞬间,2020-11-22 22:04:02,2020-11-23 08:42:02,38280
18,283571,家长带孩子进校避雨遭保安驱赶,2020-11-22 21:20:02,2020-11-23 09:26:02,43560
18,283571,日本婚庆行业因疫情损失379亿元,2020-11-22 20:30:02,2020-11-23 07:54:02,41040
18,283571,男子冬泳上岸时遇冰面坍塌坠江,2020-11-22 21:32:02,2020-11-23 10:32:02,46800
18,283571,乔诗语,2020-11-12 20:58:02,2020-11-23 10:18:01,47999
18,283571,被爸妈宠的孩子有多幸福,2020-11-22 19:20:02,2020-11-23 09:04:02,49440
18,283571,除暴,2020-11-14 17:48:02,2020-11-23 07:38:02,49800
18,283571,多伦多将再度封城,2020-11-22 18:50:02,2020-11-23 11:30:02,60000
18,283571,张文宏称目前疫情都在可控范围,2020-11-22 18:52:02,2020-11-23 07:38:02,45960
18,283571,94岁老人被抱起进行激活社保卡,2020-11-22 17:14:02,2020-11-23 07:18:02,50640
18,283571,燕云台,2020-11-03 19:48:01,2020-11-23 08:28:02,45601
18,283571,7岁女孩双手同时写字,2020-11-22 19:06:01,2020-11-23 08:04:02,46681
18,283571,爱的厘米,2020-11-16 20:16:02,2020-11-23 08:50:02,45240
18,283571,美国疫情,2020-02-29 08:34:01,2020-11-23 08:28:02,86041
18,283571,专家称上万年钙华被破坏难以修复,2020-11-22 21:14:02,2020-11-23 09:04:02,42600
18,283571,展昭像极了ID被注册的你,2020-11-22 17:32:02,2020-11-23 10:00:02,59280
18,283571,狗绳被电梯夹住小狗悬空10秒,2020-11-22 18:08:02,2020-11-23 07:40:02,48720
18,283571,日本地震,2020-01-14 07:28:02,2020-11-23 02:54:02,69960
18,283571,李诚儒也有个站了,2020-11-22 16:56:02,2020-11-23 07:48:02,53520
18,283571,狼殿下,2019-12-05 19:24:02,2020-11-23 07:20:01,42959
18,283571,每个点都刚好卡在头上,2020-11-22 21:28:02,2020-11-23 04:46:01,26279
18,283571,张琳芃受伤,2020-11-22 20:06:01,2020-11-23 01:58:01,21120
18,283571,陈梦追平张怡宁记录,2020-11-22 17:28:02,2020-11-23 01:02:02,27240
18,283571,银行回应老人被抱起激活社保卡,2020-11-22 20:32:02,2020-11-23 09:26:02,46440
19,283931,胡一天给乔欣发12块2毛8分红包,2020-11-23 11:22:02,2020-11-23 20:48:02,33960
19,283931,上海9日确诊病例曾暴露于一航空集装器,2020-11-23 11:20:02,2020-11-23 22:00:02,38400
19,283931,张梓琳4岁女儿腿长,2020-11-23 10:34:01,2020-11-23 18:52:01,29880
19,283931,请回答1988余晖扮演者白血病复发,2020-11-23 10:22:01,2020-11-23 18:06:01,27840
19,283931,不想上班,2020-11-23 09:26:02,2020-11-23 18:22:02,32160
19,283931,浦东机场所有相关工作人员连夜核酸检测,2020-11-23 09:06:02,2020-11-23 17:30:01,30239
19,283931,特朗普称巴黎协定旨在扼杀美国经济,2020-11-23 11:24:01,2020-11-24 08:42:01,76680
19,283931,村民在自家超市办图书馆请孩子们看书,2020-11-23 10:38:01,2020-11-23 14:30:02,13921
19,283931,法国首次发现养殖水貂感染新冠病毒,2020-11-23 10:40:02,2020-11-23 12:54:02,8040
19,283931,王大陆把李沁嘴巴亲变形了,2020-11-23 07:52:02,2020-11-23 17:58:01,36359
19,283931,胡先煦买的超多黄大闸蟹,2020-11-23 08:54:02,2020-11-23 16:56:02,28920
19,283931,温碧霞有意向参加浪姐2,2020-11-23 09:26:02,2020-11-23 16:30:02,25440
19,283931,哈工程师生用积雪造雪舰,2020-11-23 09:28:02,2020-11-23 14:28:02,18000
19,283931,梅德韦杰夫夺总决赛冠军,2020-11-23 10:02:02,2020-11-23 14:28:02,15960
19,283931,乔诗语道歉,2020-11-23 07:40:02,2020-11-23 15:44:02,29040
19,283931,白宇 我站在永宁门想着你,2020-11-23 10:36:02,2020-11-23 17:12:02,23760
19,283931,奔跑吧黄河定档,2020-11-23 11:26:02,2020-11-23 18:06:01,23999
19,283931,基金,2020-02-24 15:20:02,2020-11-23 20:14:01,17639
19,283931,美国7000人不戴口罩参加婚礼,2020-11-23 11:26:02,2020-11-23 17:04:02,20280
19,283931,TF练习生扮鬼玩把私生吓跑了,2020-11-23 08:44:01,2020-11-23 15:20:02,23761
19,283931,股市,2019-11-11 10:38:02,2020-11-23 13:40:02,10920
19,283931,特斯拉回应车辆行驶中天窗脱落,2020-11-23 10:20:02,2020-11-23 16:04:02,20640
19,283931,李若彤肌肉线条,2020-11-23 10:08:02,2020-11-23 16:34:02,23160
19,283931,好羡慕西游记里的唐僧,2020-11-23 11:22:02,2020-11-23 15:00:02,13080
19,283931,白敬亭回复泥塑粉,2020-11-23 07:36:02,2020-11-23 14:30:02,24840
19,283931,上海南站辟谣停运消杀,2020-11-23 10:30:01,2020-11-23 13:20:02,10201
19,283931,8年前航母style走红,2020-11-23 09:50:02,2020-11-23 15:56:02,21960
19,283931,改革开放以来中国7亿多人摆脱贫困,2020-11-23 07:12:02,2020-11-24 07:30:02,1080
19,283931,上海新增2例本地确诊病例,2020-11-20 22:56:02,2020-11-23 14:56:02,57600
19,283931,说天津话的凡尔赛人,2020-11-23 09:28:02,2020-11-23 14:42:02,18840
19,283931,张伯礼建议建立冷冻进口食品熔断机制,2020-11-23 10:36:02,2020-11-23 14:20:02,13440
19,283931,狼殿下 训鹰师,2020-11-23 08:26:02,2020-11-23 13:48:02,19320
19,283931,特朗普竞选总部要求再次重新计票,2020-11-22 21:56:02,2020-11-23 16:48:02,67920
19,283931,上海2例新增确诊病例详情,2020-11-23 11:28:02,2020-11-23 14:28:02,10800
19,283931,上海浦东营前村降为低风险,2020-11-23 10:54:02,2020-11-23 13:20:02,8760
19,283931,满洲里,2020-11-21 13:56:01,2020-11-23 13:40:02,85441
19,283931,王俊凯体重,2020-11-22 23:06:02,2020-11-23 14:06:01,53999
19,283931,安雨 赵梦,2020-11-23 07:22:02,2020-11-23 13:22:02,21600
19,283931,小加索尔签约湖人,2020-11-23 09:10:01,2020-11-23 13:02:02,13921
19,283931,法考,2019-11-28 10:34:01,2020-11-23 12:40:02,7561
19,283931,火锅店要求用餐必须有女伴,2020-11-22 21:58:02,2020-11-23 12:48:02,53400
19,283931,雪后华山仿佛琉璃之境,2020-11-23 11:32:02,2020-11-23 13:20:02,6480
19,283931,蛋壳,2020-11-23 11:58:01,2020-11-23 15:48:02,13801
19,283931,伊布6场10球,2020-11-23 11:42:01,2020-11-23 12:12:02,1801
19,283931,小学生班上表演手舞看哭父母,2020-11-23 08:52:01,2020-11-23 13:56:02,18241
19,283931,埃塞俄比亚中国同胞安全撤离,2020-11-23 07:36:02,2020-11-23 12:40:02,18240
19,283931,国考准考证,2020-11-23 07:12:02,2020-11-23 12:32:01,19199
19,283931,台南人是怎么过生日的,2020-11-23 12:00:02,2020-11-23 16:34:02,16440
19,283931,官方回应家用自来水可点燃,2020-11-22 23:18:02,2020-11-23 13:00:01,49319
19,283931,31省区市新增确诊11例,2020-11-23 09:28:02,2020-11-23 12:32:01,11039
20,284291,上海疫情,2020-11-11 20:22:01,2020-11-24 09:30:02,47281
20,284291,上海浦东机场排查出1例确诊,2020-11-23 21:54:01,2020-11-24 07:50:02,35761
20,284291,刘梦秒删,2020-11-23 23:00:02,2020-11-24 09:30:02,37800
20,284291,凡尔撒,2020-11-23 22:42:01,2020-11-24 09:30:02,38881
20,284291,小个子买大衣有多困难,2020-11-23 20:42:02,2020-11-24 09:30:02,46080
20,284291,赵志勇下跪,2020-11-23 20:56:01,2020-11-24 09:26:02,45001
20,284291,汪涵何炅谢娜退出芒果关联公司,2020-11-23 16:52:02,2020-11-24 09:20:01,59279
20,284291,外交部回应美退出开放天空条约,2020-11-23 16:46:01,2020-11-24 09:10:02,59041
20,284291,顶楼,2020-10-28 08:02:01,2020-11-24 07:46:02,85441
20,284291,小S的早期综艺有多好笑,2020-11-23 20:30:02,2020-11-24 08:48:02,44280
20,284291,胡先煦 德云社在逃相声演员,2020-11-23 19:06:02,2020-11-24 09:26:02,51600
20,284291,平遥古城发现2000多年前东周古墓葬,2020-11-23 23:16:02,2020-11-24 09:30:02,36840
20,284291,天津新增1例本土无症状转确诊,2020-11-23 23:06:01,2020-11-24 09:02:01,35760
20,284291,王大陆 渤王的爱意你们不懂,2020-11-23 20:36:02,2020-11-24 07:56:02,40800
20,284291,杨紫 男人的把戏谁不会,2020-11-23 15:48:02,2020-11-24 07:18:01,55799
20,284291,一直以为鸳鸯锅只能煮火锅,2020-11-23 22:54:01,2020-11-24 09:30:02,38161
20,284291,谢可寅不敢站中间,2020-11-23 22:54:01,2020-11-24 09:30:02,38161
20,284291,青年大学习,2020-11-16 13:28:02,2020-11-24 09:30:02,72120
20,284291,当代女生为了脱单有多努力,2020-11-23 22:56:02,2020-11-24 09:30:02,38040
20,284291,原来真的有漫画眼,2020-11-23 20:20:02,2020-11-24 09:30:02,47400
20,284291,日本将允许澳大利亚军队进入,2020-11-23 20:10:01,2020-11-24 08:02:02,42721
20,284291,红辣椒发型,2020-11-23 22:00:02,2020-11-24 07:44:02,35040
20,284291,心脏支架价格是怎么降下来的,2020-11-23 14:32:02,2020-11-24 07:38:02,61560
20,284291,男童从13楼掉下被楼下住户抓住,2020-11-23 21:12:02,2020-11-24 09:30:02,44280
20,284291,即食燕窝是收割智商税吗,2020-11-23 22:00:02,2020-11-24 09:30:02,41400
20,284291,掌中之物改名阳光之下,2020-11-23 23:24:02,2020-11-24 09:30:02,36360
20,284291,嫦娥五号,2020-11-23 19:14:02,2020-11-24 09:30:02,51360
20,284291,特朗普称巴黎协定旨在扼杀美国经济,2020-11-23 11:24:01,2020-11-24 08:42:01,76680
20,284291,主人车祸去世狗狗原地痴等11年,2020-11-23 18:08:02,2020-11-24 07:24:02,47760
20,284291,湖南一学校初中生体育课学划龙舟,2020-11-23 23:14:02,2020-11-24 09:18:02,36240
20,284291,武汉下雪,2019-11-25 11:04:01,2020-11-24 09:30:02,80761
20,284291,微信新表情的正确打开方式,2020-11-23 15:36:02,2020-11-24 07:18:01,56519
20,284291,改革开放以来中国7亿多人摆脱贫困,2020-11-23 07:12:02,2020-11-24 07:30:02,1080
20,284291,今夕何夕,2020-11-23 20:30:02,2020-11-24 07:44:02,40440
20,284291,当代社畜的身体变化,2020-11-23 21:26:01,2020-11-24 09:30:02,43441
20,284291,东北大哥卖雪给南方人,2020-11-23 18:06:01,2020-11-24 09:22:02,54961
20,284291,干饭人商标被申请,2020-11-23 21:30:01,2020-11-24 09:30:02,43201
20,284291,顾耀东太聪明了,2020-11-23 20:50:02,2020-11-24 07:16:02,37560
20,284291,吴尊友分析上海进入航空集装器病例,2020-11-23 22:44:02,2020-11-24 08:28:02,35040
20,284291,王嘉尔暖色调大片,2020-11-23 19:52:01,2020-11-24 07:16:02,41041
20,284291,封禁未成年用户直播打赏功能,2020-11-23 18:48:01,2020-11-24 05:16:02,37681
20,284291,冲撞出殡队伍致9死司机被刑拘,2020-11-23 18:28:01,2020-11-24 07:46:02,47881
20,284291,重庆保时捷音响贴牌案再审,2020-11-23 23:56:02,2020-11-24 09:00:02,32640
20,284291,香菜的终极吃法,2020-11-23 16:34:02,2020-11-24 01:20:02,31560
20,284291,谢霆锋童年女装照撞脸关晓彤,2020-11-23 16:10:02,2020-11-24 02:34:02,37440
20,284291,你好生活,2020-03-29 22:32:02,2020-11-24 08:46:02,36840
20,284291,乌骨里密谋害萧燕燕,2020-11-23 23:18:01,2020-11-24 07:48:01,30600
20,284291,实验证明信号贴对手机信号无任何改善,2020-11-23 22:20:02,2020-11-24 07:46:02,33960
